#
# There is insufficient memory for the Java Runtime Environment to continue.
# Native memory allocation (mmap) failed to map 17989632 bytes for G1 virtual space
# Possible reasons:
#   The system is out of physical RAM or swap space
#   The process is running with CompressedOops enabled, and the Java Heap may be blocking the growth of the native heap
# Possible solutions:
#   Reduce memory load on the system
#   Increase physical memory or swap space
#   Check if swap backing store is full
#   Decrease Java heap size (-Xmx/-Xms)
#   Decrease number of Java threads
#   Decrease Java thread stack sizes (-Xss)
#   Set larger code cache with -XX:ReservedCodeCacheSize=
#   JVM is running with Zero Based Compressed Oops mode in which the Java heap is
#     placed in the first 32GB address space. The Java Heap base address is the
#     maximum limit for the native heap growth. Please use -XX:HeapBaseMinAddress
#     to set the Java Heap base and to place the Java Heap above 32GB virtual address.
# This output file may be truncated or incomplete.
#
#  Out of Memory Error (os_windows.cpp:3548), pid=23912, tid=20892
#
# JRE version: Java(TM) SE Runtime Environment (17.0.12+8) (build 17.0.12+8-LTS-286)
# Java VM: Java HotSpot(TM) 64-Bit Server VM (17.0.12+8-LTS-286, mixed mode, sharing, tiered, compressed oops, compressed class ptrs, g1 gc, windows-amd64)
# No core dump will be written. Minidumps are not enabled by default on client versions of Windows
#

---------------  S U M M A R Y ------------

Command Line: -Xmx4g -XX:+IgnoreUnrecognizedVMOptions --add-opens=java.base/java.lang=ALL-UNNAMED --add-opens=java.base/java.lang.invoke=ALL-UNNAMED --add-opens=java.base/java.lang.reflect=ALL-UNNAMED --add-opens=java.base/java.io=ALL-UNNAMED --add-opens=java.base/java.net=ALL-UNNAMED --add-opens=java.base/java.nio=ALL-UNNAMED --add-opens=java.base/java.util=ALL-UNNAMED --add-opens=java.base/java.util.concurrent=ALL-UNNAMED --add-opens=java.base/java.util.concurrent.atomic=ALL-UNNAMED --add-opens=java.base/jdk.internal.ref=ALL-UNNAMED --add-opens=java.base/sun.nio.ch=ALL-UNNAMED --add-opens=java.base/sun.nio.cs=ALL-UNNAMED --add-opens=java.base/sun.security.action=ALL-UNNAMED --add-opens=java.base/sun.util.calendar=ALL-UNNAMED --add-opens=java.security.jgss/sun.security.krb5=ALL-UNNAMED -Djdk.reflect.useDirectMethodHandle=false org.apache.spark.deploy.SparkSubmit --conf spark.master=local[*] --conf spark.driver.memory=4g --conf spark.app.name=GoldModelling --conf spark.jars=jars/postgresql-42.6.2.jar pyspark-shell

Host: 11th Gen Intel(R) Core(TM) i5-1155G7 @ 2.50GHz, 8 cores, 7G,  Windows 11 , 64 bit Build 26100 (10.0.26100.8521)
Time: Tue Jul 14 16:09:33 2026 Malay Peninsula Standard Time elapsed time: 18.627784 seconds (0d 0h 0m 18s)

---------------  T H R E A D  ---------------

Current thread (0x000001b9b2f88b50):  VMThread "VM Thread" [stack: 0x0000006efad00000,0x0000006efae00000] [id=20892]

Stack: [0x0000006efad00000,0x0000006efae00000]
Native frames: (J=compiled Java code, j=interpreted, Vv=VM code, C=native code)
V  [jvm.dll+0x67a04a]
V  [jvm.dll+0x7da4ed]
V  [jvm.dll+0x7dbe33]
V  [jvm.dll+0x7dc4a3]
V  [jvm.dll+0x24508f]
V  [jvm.dll+0x677089]
V  [jvm.dll+0x66bd32]
V  [jvm.dll+0x301fa6]
V  [jvm.dll+0x309546]
V  [jvm.dll+0x359d58]
V  [jvm.dll+0x359f5f]
V  [jvm.dll+0x2d9078]
V  [jvm.dll+0x2d74ad]
V  [jvm.dll+0x2d6afc]
V  [jvm.dll+0x31a65b]
V  [jvm.dll+0x7e0d9b]
V  [jvm.dll+0x7e1ad4]
V  [jvm.dll+0x7e1fed]
V  [jvm.dll+0x7e23c4]
V  [jvm.dll+0x7e2490]
V  [jvm.dll+0x78abea]
V  [jvm.dll+0x678f35]
C  [ucrtbase.dll+0x2cd30]
C  [KERNEL32.DLL+0x2e957]
C  [ntdll.dll+0x87c1c]

VM_Operation (0x0000006effafe020): G1CollectForAllocation, mode: safepoint, requested by thread 0x000001b9fa421b70


---------------  P R O C E S S  ---------------

Threads class SMR info:
_java_thread_list=0x000001b9841c99c0, length=116, elements={
0x000001b98e81f7c0, 0x000001b9b2f8e4c0, 0x000001b9b2f8ef90, 0x000001b9b2f9f860,
0x000001b9b3733490, 0x000001b9b3735d70, 0x000001b9b373aa60, 0x000001b9b373dc90,
0x000001b9b2fa1f60, 0x000001b9b3748fe0, 0x000001b9b39ca7b0, 0x000001b9b39cb1d0,
0x000001b9b39ca2a0, 0x000001b9b39c8e60, 0x000001b9b39c9880, 0x000001b9b39c8950,
0x000001b9b39c9370, 0x000001b9fbb3c190, 0x000001b9fbb39400, 0x000001b9fbb39910,
0x000001b9fbb39e20, 0x000001b9fbb3a840, 0x000001b9fbb3a330, 0x000001b9fbb3c6a0,
0x000001b9fbb3ad50, 0x000001b9fbb38ef0, 0x000001b9fbb3b260, 0x000001b9fbb3b770,
0x000001b9fbb3ef20, 0x000001b9fbb3dff0, 0x000001b9fbb3e500, 0x000001b9fbb3bc80,
0x000001b9fbb3cbb0, 0x000001b9fbb40360, 0x000001b9fbb40870, 0x000001b9fbb3ea10,
0x000001b9fbb3f430, 0x000001b9fbb3d0c0, 0x000001b9fbb3fe50, 0x000001b9fbb3f940,
0x000001b9fbb3dae0, 0x000001b9fb2ef590, 0x000001b9fb2f2830, 0x000001b9fb2f1e10,
0x000001b9fb2f2320, 0x000001b9fb2effb0, 0x000001b9fb2ef080, 0x000001b9fb2f04c0,
0x000001b9fb2f09d0, 0x000001b9fb2f2d40, 0x000001b9fb2f3250, 0x000001b9fb2efaa0,
0x000001b9fb2f3760, 0x000001b9fb2f4690, 0x000001b9fb2f0ee0, 0x000001b9fb2f3c70,
0x000001b9fb2f1900, 0x000001b9fb2f4180, 0x000001b9fb2f55c0, 0x000001b9fb2f4ba0,
0x000001b9fb2f50b0, 0x000001b9fb2f5ad0, 0x000001b9fa41e8d0, 0x000001b9fa41deb0,
0x000001b9fa424900, 0x000001b9fa421660, 0x000001b9fa421b70, 0x000001b9fa423ee0,
0x000001b9fa422080, 0x000001b9fa422fb0, 0x000001b9b39cacc0, 0x000001b9fe117a40,
0x000001b9fdf272e0, 0x000001b9fec58340, 0x000001b9fde8d210, 0x000001b9fde8c7f0,
0x000001b9fdf277f0, 0x000001b9fdf27d00, 0x000001b9fa422590, 0x000001b9fdf59940,
0x000001b9fdf59e50, 0x000001b9fa4243f0, 0x000001b9fec57e30, 0x000001b9feada250,
0x000001b9fef78100, 0x000001b9fe117020, 0x000001b9fdf268c0, 0x000001b9fe118460,
0x000001b9fdf26dd0, 0x000001b9fe116b10, 0x000001b9fec569f0, 0x000001b9b3947d40,
0x000001b9fb0efea0, 0x000001b9fb0f03f0, 0x000001b9feed2aa0, 0x000001b9feed34c0,
0x000001b9fef7a110, 0x000001b9fde8d720, 0x000001b9fde8dc30, 0x000001b9fead9320,
0x000001b9fec57920, 0x000001b9fdf5a360, 0x000001b9b394afe0, 0x000001b9b3949ba0,
0x000001b9fec56f00, 0x000001b9fec57410, 0x000001b9fa94c100, 0x000001b9feed3ee0,
0x000001b9feed39d0, 0x000001b9fdf58f20, 0x000001b9fef7b040, 0x000001b9fef7b550,
0x000001b9fef7a620, 0x000001b9b394a0b0, 0x000001b9fa94bbf0, 0x000001b9fe4f4580
}

Java Threads: ( => current thread )
  0x000001b98e81f7c0 JavaThread "main" [_thread_in_native, id=3260, stack(0x0000006efa700000,0x0000006efa800000)]
  0x000001b9b2f8e4c0 JavaThread "Reference Handler" daemon [_thread_blocked, id=23884, stack(0x0000006efae00000,0x0000006efaf00000)]
  0x000001b9b2f8ef90 JavaThread "Finalizer" daemon [_thread_blocked, id=8496, stack(0x0000006efaf00000,0x0000006efb000000)]
  0x000001b9b2f9f860 JavaThread "Signal Dispatcher" daemon [_thread_blocked, id=15372, stack(0x0000006efb000000,0x0000006efb100000)]
  0x000001b9b3733490 JavaThread "Attach Listener" daemon [_thread_blocked, id=14648, stack(0x0000006efb100000,0x0000006efb200000)]
  0x000001b9b3735d70 JavaThread "Service Thread" daemon [_thread_blocked, id=4920, stack(0x0000006efb200000,0x0000006efb300000)]
  0x000001b9b373aa60 JavaThread "Monitor Deflation Thread" daemon [_thread_blocked, id=3416, stack(0x0000006efb300000,0x0000006efb400000)]
  0x000001b9b373dc90 JavaThread "C2 CompilerThread0" daemon [_thread_blocked, id=11592, stack(0x0000006efb400000,0x0000006efb500000)]
  0x000001b9b2fa1f60 JavaThread "C1 CompilerThread0" daemon [_thread_blocked, id=6468, stack(0x0000006efb500000,0x0000006efb600000)]
  0x000001b9b3748fe0 JavaThread "Sweeper thread" daemon [_thread_blocked, id=22768, stack(0x0000006efb600000,0x0000006efb700000)]
  0x000001b9b39ca7b0 JavaThread "Common-Cleaner" daemon [_thread_blocked, id=22404, stack(0x0000006efb700000,0x0000006efb800000)]
  0x000001b9b39cb1d0 JavaThread "Notification Thread" daemon [_thread_blocked, id=16908, stack(0x0000006efb800000,0x0000006efb900000)]
  0x000001b9b39ca2a0 JavaThread "org.apache.hadoop.fs.FileSystem$Statistics$StatisticsDataReferenceCleaner" daemon [_thread_blocked, id=19028, stack(0x0000006efc400000,0x0000006efc500000)]
  0x000001b9b39c8e60 JavaThread "Thread-2" [_thread_in_native, id=20156, stack(0x0000006efc500000,0x0000006efc600000)]
  0x000001b9b39c9880 JavaThread "Thread-3" [_thread_blocked, id=21840, stack(0x0000006efc100000,0x0000006efc200000)]
  0x000001b9b39c8950 JavaThread "rpc-boss-3-1" daemon [_thread_in_native, id=28188, stack(0x0000006efc200000,0x0000006efc300000)]
  0x000001b9b39c9370 JavaThread "dispatcher-event-loop-0" daemon [_thread_blocked, id=18752, stack(0x0000006efc600000,0x0000006efc700000)]
  0x000001b9fbb3c190 JavaThread "dispatcher-event-loop-1" daemon [_thread_blocked, id=15380, stack(0x0000006efc700000,0x0000006efc800000)]
  0x000001b9fbb39400 JavaThread "dispatcher-event-loop-2" daemon [_thread_blocked, id=8712, stack(0x0000006efc800000,0x0000006efc900000)]
  0x000001b9fbb39910 JavaThread "dispatcher-event-loop-3" daemon [_thread_blocked, id=10020, stack(0x0000006efc900000,0x0000006efca00000)]
  0x000001b9fbb39e20 JavaThread "dispatcher-event-loop-4" daemon [_thread_blocked, id=28352, stack(0x0000006efca00000,0x0000006efcb00000)]
  0x000001b9fbb3a840 JavaThread "dispatcher-event-loop-5" daemon [_thread_blocked, id=21224, stack(0x0000006efcb00000,0x0000006efcc00000)]
  0x000001b9fbb3a330 JavaThread "dispatcher-event-loop-6" daemon [_thread_blocked, id=27592, stack(0x0000006efcc00000,0x0000006efcd00000)]
  0x000001b9fbb3c6a0 JavaThread "dispatcher-event-loop-7" daemon [_thread_blocked, id=14184, stack(0x0000006efcd00000,0x0000006efce00000)]
  0x000001b9fbb3ad50 JavaThread "map-output-dispatcher-0" daemon [_thread_blocked, id=2360, stack(0x0000006efce00000,0x0000006efcf00000)]
  0x000001b9fbb38ef0 JavaThread "map-output-dispatcher-1" daemon [_thread_blocked, id=9828, stack(0x0000006efcf00000,0x0000006efd000000)]
  0x000001b9fbb3b260 JavaThread "map-output-dispatcher-2" daemon [_thread_blocked, id=7080, stack(0x0000006efd000000,0x0000006efd100000)]
  0x000001b9fbb3b770 JavaThread "map-output-dispatcher-3" daemon [_thread_blocked, id=25088, stack(0x0000006efd100000,0x0000006efd200000)]
  0x000001b9fbb3ef20 JavaThread "map-output-dispatcher-4" daemon [_thread_blocked, id=26000, stack(0x0000006efd200000,0x0000006efd300000)]
  0x000001b9fbb3dff0 JavaThread "map-output-dispatcher-5" daemon [_thread_blocked, id=11504, stack(0x0000006efd300000,0x0000006efd400000)]
  0x000001b9fbb3e500 JavaThread "map-output-dispatcher-6" daemon [_thread_blocked, id=7928, stack(0x0000006efd400000,0x0000006efd500000)]
  0x000001b9fbb3bc80 JavaThread "map-output-dispatcher-7" daemon [_thread_blocked, id=24668, stack(0x0000006efd500000,0x0000006efd600000)]
  0x000001b9fbb3cbb0 JavaThread "dispatcher-BlockManagerMaster" daemon [_thread_blocked, id=16808, stack(0x0000006efd600000,0x0000006efd700000)]
  0x000001b9fbb40360 JavaThread "dispatcher-BlockManagerEndpoint1" daemon [_thread_blocked, id=19928, stack(0x0000006efd700000,0x0000006efd800000)]
  0x000001b9fbb40870 JavaThread "RemoteBlock-temp-file-clean-thread" daemon [_thread_blocked, id=14776, stack(0x0000006efd800000,0x0000006efd900000)]
  0x000001b9fbb3ea10 JavaThread "refresh progress" daemon [_thread_blocked, id=21532, stack(0x0000006efd900000,0x0000006efda00000)]
  0x000001b9fbb3f430 JavaThread "SparkUI-42" daemon [_thread_in_native, id=27552, stack(0x0000006efdb00000,0x0000006efdc00000)]
  0x000001b9fbb3d0c0 JavaThread "SparkUI-43" daemon [_thread_in_native, id=13896, stack(0x0000006efdc00000,0x0000006efdd00000)]
  0x000001b9fbb3fe50 JavaThread "SparkUI-44" daemon [_thread_in_native, id=21112, stack(0x0000006efdd00000,0x0000006efde00000)]
  0x000001b9fbb3f940 JavaThread "SparkUI-45" daemon [_thread_in_native, id=27224, stack(0x0000006efde00000,0x0000006efdf00000)]
  0x000001b9fbb3dae0 JavaThread "SparkUI-46-acceptor-0@7ce76167-ServerConnector@7220808b{HTTP/1.1, (http/1.1)}{0.0.0.0:4040}" daemon [_thread_in_native, id=16400, stack(0x0000006efdf00000,0x0000006efe000000)]
  0x000001b9fb2ef590 JavaThread "SparkUI-47" daemon [_thread_blocked, id=13276, stack(0x0000006efe000000,0x0000006efe100000)]
  0x000001b9fb2f2830 JavaThread "SparkUI-48" daemon [_thread_blocked, id=26680, stack(0x0000006efe100000,0x0000006efe200000)]
  0x000001b9fb2f1e10 JavaThread "SparkUI-49" daemon [_thread_blocked, id=27768, stack(0x0000006efe200000,0x0000006efe300000)]
  0x000001b9fb2f2320 JavaThread "dispatcher-HeartbeatReceiver" daemon [_thread_blocked, id=18076, stack(0x0000006efe300000,0x0000006efe400000)]
  0x000001b9fb2effb0 JavaThread "heartbeat-receiver-event-loop-thread" daemon [_thread_blocked, id=6836, stack(0x0000006efe400000,0x0000006efe500000)]
  0x000001b9fb2ef080 JavaThread "netty-rpc-env-timeout" daemon [_thread_blocked, id=1080, stack(0x0000006efe500000,0x0000006efe600000)]
  0x000001b9fb2f04c0 JavaThread "task-starvation-timer" daemon [_thread_blocked, id=25892, stack(0x0000006efe600000,0x0000006efe700000)]
  0x000001b9fb2f09d0 JavaThread "task-abort-timer" daemon [_thread_blocked, id=19604, stack(0x0000006efe700000,0x0000006efe800000)]
  0x000001b9fb2f2d40 JavaThread "Thread-16" [_thread_in_native, id=13164, stack(0x0000006efe800000,0x0000006efe900000)]
  0x000001b9fb2f3250 JavaThread "dag-scheduler-event-loop" daemon [_thread_blocked, id=14660, stack(0x0000006efe900000,0x0000006efea00000)]
  0x000001b9fb2efaa0 JavaThread "driver-heartbeater" daemon [_thread_blocked, id=12932, stack(0x0000006efea00000,0x0000006efeb00000)]
  0x000001b9fb2f3760 JavaThread "executor-kill-mark-cleanup" daemon [_thread_blocked, id=11552, stack(0x0000006efeb00000,0x0000006efec00000)]
  0x000001b9fb2f4690 JavaThread "executor-heartbeater" daemon [_thread_blocked, id=1436, stack(0x0000006efec00000,0x0000006efed00000)]
  0x000001b9fb2f0ee0 JavaThread "files-client-5-1" daemon [_thread_in_native, id=15588, stack(0x0000006efed00000,0x0000006efee00000)]
  0x000001b9fb2f3c70 JavaThread "rpc-server-4-1" daemon [_thread_in_native, id=17784, stack(0x0000006efef00000,0x0000006eff000000)]
  0x000001b9fb2f1900 JavaThread "shuffle-boss-7-1" daemon [_thread_in_native, id=23488, stack(0x0000006efda00000,0x0000006efdb00000)]
  0x000001b9fb2f4180 JavaThread "Spark Context Cleaner" daemon [_thread_blocked, id=18088, stack(0x0000006eff000000,0x0000006eff100000)]
  0x000001b9fb2f55c0 JavaThread "context-cleaner-periodic-gc" daemon [_thread_blocked, id=25428, stack(0x0000006eff100000,0x0000006eff200000)]
  0x000001b9fb2f4ba0 JavaThread "spark-listener-group-appStatus" daemon [_thread_blocked, id=12332, stack(0x0000006eff200000,0x0000006eff300000)]
  0x000001b9fb2f50b0 JavaThread "spark-listener-group-executorManagement" daemon [_thread_blocked, id=21052, stack(0x0000006eff300000,0x0000006eff400000)]
  0x000001b9fb2f5ad0 JavaThread "element-tracking-store-worker" daemon [_thread_blocked, id=20380, stack(0x0000006eff500000,0x0000006eff600000)]
  0x000001b9fa41e8d0 JavaThread "Executor task launch worker for task 6.0 in stage 7.0 (TID 30)" daemon [_thread_blocked, id=20300, stack(0x0000006eff700000,0x0000006eff800000)]
  0x000001b9fa41deb0 JavaThread "task-result-getter-0" daemon [_thread_blocked, id=25784, stack(0x0000006eff600000,0x0000006eff700000)]
  0x000001b9fa424900 JavaThread "Executor task launch worker for task 2.0 in stage 7.0 (TID 26)" daemon [_thread_blocked, id=19988, stack(0x0000006eff800000,0x0000006eff900000)]
  0x000001b9fa421660 JavaThread "Executor task launch worker for task 0.0 in stage 7.0 (TID 24)" daemon [_thread_blocked, id=21544, stack(0x0000006eff900000,0x0000006effa00000)]
  0x000001b9fa421b70 JavaThread "Executor task launch worker for task 1.0 in stage 7.0 (TID 25)" daemon [_thread_blocked, id=18192, stack(0x0000006effa00000,0x0000006effb00000)]
  0x000001b9fa423ee0 JavaThread "Executor task launch worker for task 4.0 in stage 7.0 (TID 28)" daemon [_thread_blocked, id=13832, stack(0x0000006effb00000,0x0000006effc00000)]
  0x000001b9fa422080 JavaThread "Executor task launch worker for task 5.0 in stage 7.0 (TID 29)" daemon [_thread_blocked, id=17292, stack(0x0000006effc00000,0x0000006effd00000)]
  0x000001b9fa422fb0 JavaThread "Executor task launch worker for task 3.0 in stage 7.0 (TID 27)" daemon [_thread_blocked, id=28576, stack(0x0000006effd00000,0x0000006effe00000)]
  0x000001b9b39cacc0 JavaThread "block-manager-storage-async-thread-pool-0" daemon [_thread_blocked, id=17692, stack(0x0000006efff00000,0x0000006f00000000)]
  0x000001b9fe117a40 JavaThread "block-manager-storage-async-thread-pool-1" daemon [_thread_blocked, id=16024, stack(0x0000006e80000000,0x0000006e80100000)]
  0x000001b9fdf272e0 JavaThread "block-manager-storage-async-thread-pool-2" daemon [_thread_blocked, id=7540, stack(0x0000006e80100000,0x0000006e80200000)]
  0x000001b9fec58340 JavaThread "block-manager-ask-thread-pool-0" daemon [_thread_blocked, id=7744, stack(0x0000006e80200000,0x0000006e80300000)]
  0x000001b9fde8d210 JavaThread "block-manager-ask-thread-pool-1" daemon [_thread_blocked, id=28196, stack(0x0000006e80300000,0x0000006e80400000)]
  0x000001b9fde8c7f0 JavaThread "task-result-getter-1" daemon [_thread_blocked, id=5492, stack(0x0000006e80400000,0x0000006e80500000)]
  0x000001b9fdf277f0 JavaThread "task-result-getter-2" daemon [_thread_blocked, id=12872, stack(0x0000006e80500000,0x0000006e80600000)]
  0x000001b9fdf27d00 JavaThread "task-result-getter-3" daemon [_thread_blocked, id=22952, stack(0x0000006e80600000,0x0000006e80700000)]
  0x000001b9fa422590 JavaThread "block-manager-storage-async-thread-pool-3" daemon [_thread_blocked, id=14968, stack(0x0000006e80700000,0x0000006e80800000)]
  0x000001b9fdf59940 JavaThread "block-manager-storage-async-thread-pool-4" daemon [_thread_blocked, id=25972, stack(0x0000006e80800000,0x0000006e80900000)]
  0x000001b9fdf59e50 JavaThread "block-manager-storage-async-thread-pool-5" daemon [_thread_blocked, id=26976, stack(0x0000006e80900000,0x0000006e80a00000)]
  0x000001b9fa4243f0 JavaThread "block-manager-ask-thread-pool-2" daemon [_thread_blocked, id=27680, stack(0x0000006e80a00000,0x0000006e80b00000)]
  0x000001b9fec57e30 JavaThread "block-manager-ask-thread-pool-3" daemon [_thread_blocked, id=23584, stack(0x0000006e80b00000,0x0000006e80c00000)]
  0x000001b9feada250 JavaThread "broadcast-exchange-0" daemon [_thread_blocked, id=8312, stack(0x0000006e81000000,0x0000006e81100000)]
  0x000001b9fef78100 JavaThread "block-manager-storage-async-thread-pool-6" daemon [_thread_blocked, id=20344, stack(0x0000006e81100000,0x0000006e81200000)]
  0x000001b9fe117020 JavaThread "block-manager-storage-async-thread-pool-7" daemon [_thread_blocked, id=9996, stack(0x0000006e81200000,0x0000006e81300000)]
  0x000001b9fdf268c0 JavaThread "QueryStageCreator-0" daemon [_thread_blocked, id=24132, stack(0x0000006e81300000,0x0000006e81400000)]
  0x000001b9fe118460 JavaThread "block-manager-storage-async-thread-pool-8" daemon [_thread_blocked, id=11428, stack(0x0000006e81400000,0x0000006e81500000)]
  0x000001b9fdf26dd0 JavaThread "block-manager-ask-thread-pool-4" daemon [_thread_blocked, id=24792, stack(0x0000006e81500000,0x0000006e81600000)]
  0x000001b9fe116b10 JavaThread "block-manager-ask-thread-pool-5" daemon [_thread_blocked, id=13492, stack(0x0000006e81600000,0x0000006e81700000)]
  0x000001b9fec569f0 JavaThread "QueryStageCreator-1" daemon [_thread_blocked, id=21200, stack(0x0000006e81700000,0x0000006e81800000)]
  0x000001b9b3947d40 JavaThread "QueryStageCreator-2" daemon [_thread_blocked, id=18040, stack(0x0000006e81800000,0x0000006e81900000)]
  0x000001b9fb0efea0 JavaThread "C2 CompilerThread1" daemon [_thread_blocked, id=25540, stack(0x0000006e80c00000,0x0000006e80d00000)]
  0x000001b9fb0f03f0 JavaThread "C2 CompilerThread2" daemon [_thread_blocked, id=27272, stack(0x0000006e81900000,0x0000006e81a00000)]
  0x000001b9feed2aa0 JavaThread "PostgreSQL-JDBC-Cleaner" daemon [_thread_blocked, id=11496, stack(0x0000006e81a00000,0x0000006e81b00000)]
  0x000001b9feed34c0 JavaThread "QueryStageCreator-3" daemon [_thread_blocked, id=25876, stack(0x0000006e81b00000,0x0000006e81c00000)]
  0x000001b9fef7a110 JavaThread "block-manager-storage-async-thread-pool-9" daemon [_thread_blocked, id=1228, stack(0x0000006e81d00000,0x0000006e81e00000)]
  0x000001b9fde8d720 JavaThread "block-manager-storage-async-thread-pool-10" daemon [_thread_blocked, id=1384, stack(0x0000006e81e00000,0x0000006e81f00000)]
  0x000001b9fde8dc30 JavaThread "block-manager-storage-async-thread-pool-11" daemon [_thread_blocked, id=16844, stack(0x0000006e81f00000,0x0000006e82000000)]
  0x000001b9fead9320 JavaThread "block-manager-ask-thread-pool-6" daemon [_thread_blocked, id=19952, stack(0x0000006e82000000,0x0000006e82100000)]
  0x000001b9fec57920 JavaThread "block-manager-ask-thread-pool-7" daemon [_thread_blocked, id=21676, stack(0x0000006e82100000,0x0000006e82200000)]
  0x000001b9fdf5a360 JavaThread "block-manager-storage-async-thread-pool-12" daemon [_thread_blocked, id=5808, stack(0x0000006e82200000,0x0000006e82300000)]
  0x000001b9b394afe0 JavaThread "block-manager-storage-async-thread-pool-13" daemon [_thread_blocked, id=2060, stack(0x0000006e82300000,0x0000006e82400000)]
  0x000001b9b3949ba0 JavaThread "block-manager-storage-async-thread-pool-14" daemon [_thread_blocked, id=17828, stack(0x0000006e82400000,0x0000006e82500000)]
  0x000001b9fec56f00 JavaThread "block-manager-ask-thread-pool-8" daemon [_thread_blocked, id=28336, stack(0x0000006e82500000,0x0000006e82600000)]
  0x000001b9fec57410 JavaThread "block-manager-ask-thread-pool-9" daemon [_thread_blocked, id=15464, stack(0x0000006e82600000,0x0000006e82700000)]
  0x000001b9fa94c100 JavaThread "block-manager-storage-async-thread-pool-15" daemon [_thread_blocked, id=20340, stack(0x0000006e82700000,0x0000006e82800000)]
  0x000001b9feed3ee0 JavaThread "block-manager-storage-async-thread-pool-16" daemon [_thread_blocked, id=14188, stack(0x0000006e82800000,0x0000006e82900000)]
  0x000001b9feed39d0 JavaThread "block-manager-storage-async-thread-pool-17" daemon [_thread_blocked, id=27136, stack(0x0000006e82900000,0x0000006e82a00000)]
  0x000001b9fdf58f20 JavaThread "block-manager-storage-async-thread-pool-18" daemon [_thread_blocked, id=27936, stack(0x0000006e82a00000,0x0000006e82b00000)]
  0x000001b9fef7b040 JavaThread "block-manager-ask-thread-pool-10" daemon [_thread_blocked, id=17084, stack(0x0000006e82b00000,0x0000006e82c00000)]
  0x000001b9fef7b550 JavaThread "block-manager-storage-async-thread-pool-19" daemon [_thread_blocked, id=8028, stack(0x0000006e82c00000,0x0000006e82d00000)]
  0x000001b9fef7a620 JavaThread "block-manager-storage-async-thread-pool-20" daemon [_thread_blocked, id=4856, stack(0x0000006e82d00000,0x0000006e82e00000)]
  0x000001b9b394a0b0 JavaThread "block-manager-ask-thread-pool-11" daemon [_thread_blocked, id=27200, stack(0x0000006e82e00000,0x0000006e82f00000)]
  0x000001b9fa94bbf0 JavaThread "block-manager-ask-thread-pool-12" daemon [_thread_blocked, id=5580, stack(0x0000006e82f00000,0x0000006e83000000)]
  0x000001b9fe4f4580 JavaThread "block-manager-ask-thread-pool-13" daemon [_thread_blocked, id=21756, stack(0x0000006e83000000,0x0000006e83100000)]

Other Threads:
=>0x000001b9b2f88b50 VMThread "VM Thread" [stack: 0x0000006efad00000,0x0000006efae00000] [id=20892]
  0x000001b98e8a8910 WatcherThread [stack: 0x0000006efb900000,0x0000006efba00000] [id=3224]
  0x000001b98e88b1f0 GCTaskThread "GC Thread#0" [stack: 0x0000006efa800000,0x0000006efa900000] [id=15128]
  0x000001b9f98f5fa0 GCTaskThread "GC Thread#1" [stack: 0x0000006efbb00000,0x0000006efbc00000] [id=19848]
  0x000001b9fa0eb010 GCTaskThread "GC Thread#2" [stack: 0x0000006efbc00000,0x0000006efbd00000] [id=9072]
  0x000001b9fa39e430 GCTaskThread "GC Thread#3" [stack: 0x0000006efbe00000,0x0000006efbf00000] [id=1128]
  0x000001b9f9f004c0 GCTaskThread "GC Thread#4" [stack: 0x0000006efbf00000,0x0000006efc000000] [id=14636]
  0x000001b9fa721910 GCTaskThread "GC Thread#5" [stack: 0x0000006efba00000,0x0000006efbb00000] [id=26388]
  0x000001b9fa721bd0 GCTaskThread "GC Thread#6" [stack: 0x0000006efbd00000,0x0000006efbe00000] [id=1448]
  0x000001b9fa7205d0 GCTaskThread "GC Thread#7" [stack: 0x0000006efc000000,0x0000006efc100000] [id=14044]
  0x000001b98e89c050 ConcurrentGCThread "G1 Main Marker" [stack: 0x0000006efa900000,0x0000006efaa00000] [id=11584]
  0x000001b98e89d640 ConcurrentGCThread "G1 Conc#0" [stack: 0x0000006efaa00000,0x0000006efab00000] [id=17488]
  0x000001b9fa721390 ConcurrentGCThread "G1 Conc#1" [stack: 0x0000006efc300000,0x0000006efc400000] [id=2880]
  0x000001b98e8ce2f0 ConcurrentGCThread "G1 Refine#0" [stack: 0x0000006efab00000,0x0000006efac00000] [id=6824]
  0x000001b9fd744090 ConcurrentGCThread "G1 Refine#1" [stack: 0x0000006e80d00000,0x0000006e80e00000] [id=6488]
  0x000001b9fd744960 ConcurrentGCThread "G1 Refine#2" [stack: 0x0000006e80e00000,0x0000006e80f00000] [id=27524]
  0x000001b9fd744c50 ConcurrentGCThread "G1 Refine#3" [stack: 0x0000006e80f00000,0x0000006e81000000] [id=12504]
  0x000001b9fd745520 ConcurrentGCThread "G1 Refine#4" [stack: 0x0000006e81c00000,0x0000006e81d00000] [id=20704]
  0x000001b98e8cead0 ConcurrentGCThread "G1 Service" [stack: 0x0000006efac00000,0x0000006efad00000] [id=16556]

Threads with active compile tasks:

VM state: at safepoint (normal execution)

VM Mutex/Monitor currently owned by a thread:  ([mutex/lock_event])
[0x000001b98e81b7f0] Threads_lock - owner thread: 0x000001b9b2f88b50
[0x000001b98e819d80] Heap_lock - owner thread: 0x000001b9fa421b70

Heap address: 0x0000000700000000, size: 4096 MB, Compressed Oops mode: Zero based, Oop shift amount: 3

CDS archive(s) mapped at: [0x000001b9b4000000-0x000001b9b4bd0000-0x000001b9b4bd0000), size 12386304, SharedBaseAddress: 0x000001b9b4000000, ArchiveRelocationMode: 1.
Compressed class space mapped at: 0x000001b9b5000000-0x000001b9f5000000, reserved size: 1073741824
Narrow klass base: 0x000001b9b4000000, Narrow klass shift: 0, Narrow klass range: 0x100000000

GC Precious Log:
 CPUs: 8 total, 8 available
 Memory: 7941M
 Large Page Support: Disabled
 NUMA Support: Disabled
 Compressed Oops: Enabled (Zero based)
 Heap Region Size: 2M
 Heap Min Capacity: 8M
 Heap Initial Capacity: 126M
 Heap Max Capacity: 4G
 Pre-touch: Disabled
 Parallel Workers: 8
 Concurrent Workers: 2
 Concurrent Refinement Workers: 8
 Periodic GC: Disabled

Heap:
 garbage-first heap   total 765952K, used 480905K [0x0000000700000000, 0x0000000800000000)
  region size 2048K, 3 young (6144K), 3 survivors (6144K)
 Metaspace       used 119410K, committed 120832K, reserved 1179648K
  class space    used 16136K, committed 16832K, reserved 1048576K

Heap Regions: E=young(eden), S=young(survivor), O=old, HS=humongous(starts), HC=humongous(continues), CS=collection set, F=free, OA=open archive, CA=closed archive, TAMS=top-at-mark-start (previous, next)
|   0|0x0000000700000000, 0x0000000700200000, 0x0000000700200000|100%|HS|  |TAMS 0x0000000700200000, 0x0000000700000000| Complete 
|   1|0x0000000700200000, 0x0000000700400000, 0x0000000700400000|100%|HS|  |TAMS 0x0000000700400000, 0x0000000700200000| Complete 
|   2|0x0000000700400000, 0x0000000700600000, 0x0000000700600000|100%|HC|  |TAMS 0x0000000700600000, 0x0000000700400000| Complete 
|   3|0x0000000700600000, 0x0000000700800000, 0x0000000700800000|100%| O|  |TAMS 0x0000000700800000, 0x0000000700600000| Untracked 
|   4|0x0000000700800000, 0x0000000700a00000, 0x0000000700a00000|100%| O|  |TAMS 0x0000000700a00000, 0x0000000700800000| Untracked 
|   5|0x0000000700a00000, 0x0000000700c00000, 0x0000000700c00000|100%| O|  |TAMS 0x0000000700c00000, 0x0000000700a00000| Untracked 
|   6|0x0000000700c00000, 0x0000000700e00000, 0x0000000700e00000|100%| O|  |TAMS 0x0000000700e00000, 0x0000000700c00000| Untracked 
|   7|0x0000000700e00000, 0x0000000701000000, 0x0000000701000000|100%| O|  |TAMS 0x0000000701000000, 0x0000000700e00000| Untracked 
|   8|0x0000000701000000, 0x0000000701200000, 0x0000000701200000|100%| O|  |TAMS 0x0000000701200000, 0x0000000701000000| Untracked 
|   9|0x0000000701200000, 0x0000000701400000, 0x0000000701400000|100%| O|  |TAMS 0x0000000701400000, 0x0000000701200000| Untracked 
|  10|0x0000000701400000, 0x0000000701600000, 0x0000000701600000|100%| O|  |TAMS 0x0000000701600000, 0x0000000701400000| Untracked 
|  11|0x0000000701600000, 0x0000000701800000, 0x0000000701800000|100%| O|  |TAMS 0x0000000701800000, 0x0000000701600000| Untracked 
|  12|0x0000000701800000, 0x0000000701a00000, 0x0000000701a00000|100%| O|  |TAMS 0x0000000701a00000, 0x0000000701800000| Untracked 
|  13|0x0000000701a00000, 0x0000000701c00000, 0x0000000701c00000|100%| O|  |TAMS 0x0000000701c00000, 0x0000000701a00000| Untracked 
|  14|0x0000000701c00000, 0x0000000701e00000, 0x0000000701e00000|100%| O|  |TAMS 0x0000000701e00000, 0x0000000701c00000| Untracked 
|  15|0x0000000701e00000, 0x0000000702000000, 0x0000000702000000|100%| O|  |TAMS 0x0000000702000000, 0x0000000701e00000| Untracked 
|  16|0x0000000702000000, 0x0000000702200000, 0x0000000702200000|100%| O|  |TAMS 0x0000000702200000, 0x0000000702000000| Untracked 
|  17|0x0000000702200000, 0x0000000702400000, 0x0000000702400000|100%| O|  |TAMS 0x0000000702400000, 0x0000000702200000| Untracked 
|  18|0x0000000702400000, 0x0000000702600000, 0x0000000702600000|100%| O|  |TAMS 0x0000000702600000, 0x0000000702400000| Untracked 
|  19|0x0000000702600000, 0x0000000702800000, 0x0000000702800000|100%| O|  |TAMS 0x0000000702800000, 0x0000000702600000| Untracked 
|  20|0x0000000702800000, 0x0000000702a00000, 0x0000000702a00000|100%| O|  |TAMS 0x0000000702a00000, 0x0000000702800000| Untracked 
|  21|0x0000000702a00000, 0x0000000702c00000, 0x0000000702c00000|100%| O|  |TAMS 0x0000000702c00000, 0x0000000702a00000| Untracked 
|  22|0x0000000702c00000, 0x0000000702e00000, 0x0000000702e00000|100%| O|  |TAMS 0x0000000702e00000, 0x0000000702c00000| Untracked 
|  23|0x0000000702e00000, 0x0000000703000000, 0x0000000703000000|100%| O|  |TAMS 0x0000000703000000, 0x0000000702e00000| Untracked 
|  24|0x0000000703000000, 0x0000000703200000, 0x0000000703200000|100%| O|  |TAMS 0x0000000703200000, 0x0000000703000000| Untracked 
|  25|0x0000000703200000, 0x0000000703400000, 0x0000000703400000|100%| O|  |TAMS 0x0000000703400000, 0x0000000703200000| Untracked 
|  26|0x0000000703400000, 0x0000000703600000, 0x0000000703600000|100%| O|  |TAMS 0x0000000703600000, 0x0000000703400000| Untracked 
|  27|0x0000000703600000, 0x0000000703800000, 0x0000000703800000|100%| O|  |TAMS 0x0000000703800000, 0x0000000703600000| Untracked 
|  28|0x0000000703800000, 0x0000000703a00000, 0x0000000703a00000|100%| O|  |TAMS 0x0000000703800000, 0x0000000703800000| Untracked 
|  29|0x0000000703a00000, 0x0000000703c00000, 0x0000000703c00000|100%| O|  |TAMS 0x0000000703c00000, 0x0000000703a00000| Untracked 
|  30|0x0000000703c00000, 0x0000000703e00000, 0x0000000703e00000|100%| O|  |TAMS 0x0000000703e00000, 0x0000000703c00000| Untracked 
|  31|0x0000000703e00000, 0x0000000704000000, 0x0000000704000000|100%| O|  |TAMS 0x0000000704000000, 0x0000000703e00000| Untracked 
|  32|0x0000000704000000, 0x0000000704000000, 0x0000000704200000|  0%| F|  |TAMS 0x0000000704000000, 0x0000000704000000| Untracked 
|  33|0x0000000704200000, 0x0000000704400000, 0x0000000704400000|100%| O|  |TAMS 0x0000000704400000, 0x0000000704200000| Untracked 
|  34|0x0000000704400000, 0x0000000704600000, 0x0000000704600000|100%| O|  |TAMS 0x0000000704600000, 0x0000000704400000| Untracked 
|  35|0x0000000704600000, 0x0000000704800000, 0x0000000704800000|100%| O|  |TAMS 0x0000000704800000, 0x0000000704600000| Untracked 
|  36|0x0000000704800000, 0x0000000704a00000, 0x0000000704a00000|100%| O|  |TAMS 0x0000000704a00000, 0x0000000704800000| Untracked 
|  37|0x0000000704a00000, 0x0000000704c00000, 0x0000000704c00000|100%| O|  |TAMS 0x0000000704a00000, 0x0000000704a00000| Untracked 
|  38|0x0000000704c00000, 0x0000000704e00000, 0x0000000704e00000|100%| O|  |TAMS 0x0000000704c00000, 0x0000000704c00000| Untracked 
|  39|0x0000000704e00000, 0x0000000705000000, 0x0000000705000000|100%| O|  |TAMS 0x0000000704e00000, 0x0000000704e00000| Untracked 
|  40|0x0000000705000000, 0x0000000705200000, 0x0000000705200000|100%| O|  |TAMS 0x0000000705000000, 0x0000000705000000| Untracked 
|  41|0x0000000705200000, 0x0000000705400000, 0x0000000705400000|100%|HS|  |TAMS 0x0000000705400000, 0x0000000705200000| Complete 
|  42|0x0000000705400000, 0x0000000705600000, 0x0000000705600000|100%|HC|  |TAMS 0x0000000705600000, 0x0000000705400000| Complete 
|  43|0x0000000705600000, 0x0000000705800000, 0x0000000705800000|100%|HS|  |TAMS 0x0000000705800000, 0x0000000705600000| Complete 
|  44|0x0000000705800000, 0x0000000705a00000, 0x0000000705a00000|100%|HC|  |TAMS 0x0000000705a00000, 0x0000000705800000| Complete 
|  45|0x0000000705a00000, 0x0000000705c00000, 0x0000000705c00000|100%| O|  |TAMS 0x0000000705a00000, 0x0000000705a00000| Untracked 
|  46|0x0000000705c00000, 0x0000000705e00000, 0x0000000705e00000|100%| O|  |TAMS 0x0000000705c00000, 0x0000000705c00000| Untracked 
|  47|0x0000000705e00000, 0x0000000706000000, 0x0000000706000000|100%| O|  |TAMS 0x0000000705e00000, 0x0000000705e00000| Untracked 
|  48|0x0000000706000000, 0x0000000706200000, 0x0000000706200000|100%| O|  |TAMS 0x0000000706000000, 0x0000000706000000| Untracked 
|  49|0x0000000706200000, 0x0000000706400000, 0x0000000706400000|100%| O|  |TAMS 0x0000000706200000, 0x0000000706200000| Untracked 
|  50|0x0000000706400000, 0x0000000706600000, 0x0000000706600000|100%| O|  |TAMS 0x0000000706400000, 0x0000000706400000| Untracked 
|  51|0x0000000706600000, 0x0000000706800000, 0x0000000706800000|100%| O|  |TAMS 0x0000000706600000, 0x0000000706600000| Untracked 
|  52|0x0000000706800000, 0x0000000706a00000, 0x0000000706a00000|100%| O|  |TAMS 0x0000000706800000, 0x0000000706800000| Untracked 
|  53|0x0000000706a00000, 0x0000000706c00000, 0x0000000706c00000|100%| O|  |TAMS 0x0000000706a00000, 0x0000000706a00000| Untracked 
|  54|0x0000000706c00000, 0x0000000706e00000, 0x0000000706e00000|100%| O|  |TAMS 0x0000000706c00000, 0x0000000706c00000| Untracked 
|  55|0x0000000706e00000, 0x0000000707000000, 0x0000000707000000|100%| O|  |TAMS 0x0000000706e00000, 0x0000000706e00000| Untracked 
|  56|0x0000000707000000, 0x0000000707200000, 0x0000000707200000|100%| O|  |TAMS 0x0000000707000000, 0x0000000707000000| Untracked 
|  57|0x0000000707200000, 0x0000000707400000, 0x0000000707400000|100%| O|  |TAMS 0x0000000707200000, 0x0000000707200000| Untracked 
|  58|0x0000000707400000, 0x0000000707600000, 0x0000000707600000|100%| O|  |TAMS 0x0000000707400000, 0x0000000707400000| Untracked 
|  59|0x0000000707600000, 0x0000000707600000, 0x0000000707800000|  0%| F|  |TAMS 0x0000000707600000, 0x0000000707600000| Untracked 
|  60|0x0000000707800000, 0x0000000707a00000, 0x0000000707a00000|100%| O|  |TAMS 0x0000000707a00000, 0x0000000707800000| Untracked 
|  61|0x0000000707a00000, 0x0000000707c00000, 0x0000000707c00000|100%|HS|  |TAMS 0x0000000707c00000, 0x0000000707a00000| Complete 
|  62|0x0000000707c00000, 0x0000000707e00000, 0x0000000707e00000|100%|HC|  |TAMS 0x0000000707e00000, 0x0000000707c00000| Complete 
|  63|0x0000000707e00000, 0x0000000708000000, 0x0000000708000000|100%|HC|  |TAMS 0x0000000708000000, 0x0000000707e00000| Complete 
|  64|0x0000000708000000, 0x0000000708200000, 0x0000000708200000|100%|HC|  |TAMS 0x0000000708200000, 0x0000000708000000| Complete 
|  65|0x0000000708200000, 0x0000000708400000, 0x0000000708400000|100%|HC|  |TAMS 0x0000000708400000, 0x0000000708200000| Complete 
|  66|0x0000000708400000, 0x0000000708600000, 0x0000000708600000|100%|HC|  |TAMS 0x0000000708600000, 0x0000000708400000| Complete 
|  67|0x0000000708600000, 0x0000000708800000, 0x0000000708800000|100%|HC|  |TAMS 0x0000000708800000, 0x0000000708600000| Complete 
|  68|0x0000000708800000, 0x0000000708a00000, 0x0000000708a00000|100%|HC|  |TAMS 0x0000000708a00000, 0x0000000708800000| Complete 
|  69|0x0000000708a00000, 0x0000000708c00000, 0x0000000708c00000|100%| O|  |TAMS 0x0000000708c00000, 0x0000000708a00000| Untracked 
|  70|0x0000000708c00000, 0x0000000708e00000, 0x0000000708e00000|100%| O|  |TAMS 0x0000000708e00000, 0x0000000708c00000| Untracked 
|  71|0x0000000708e00000, 0x0000000709000000, 0x0000000709000000|100%| O|  |TAMS 0x0000000709000000, 0x0000000708e00000| Untracked 
|  72|0x0000000709000000, 0x0000000709200000, 0x0000000709200000|100%| O|  |TAMS 0x0000000709200000, 0x0000000709000000| Untracked 
|  73|0x0000000709200000, 0x0000000709400000, 0x0000000709400000|100%| O|  |TAMS 0x0000000709400000, 0x0000000709200000| Untracked 
|  74|0x0000000709400000, 0x0000000709400000, 0x0000000709600000|  0%| F|  |TAMS 0x0000000709400000, 0x0000000709400000| Untracked 
|  75|0x0000000709600000, 0x0000000709800000, 0x0000000709800000|100%| O|  |TAMS 0x0000000709800000, 0x0000000709600000| Untracked 
|  76|0x0000000709800000, 0x0000000709a00000, 0x0000000709a00000|100%| O|  |TAMS 0x0000000709800000, 0x0000000709800000| Untracked 
|  77|0x0000000709a00000, 0x0000000709c00000, 0x0000000709c00000|100%| O|  |TAMS 0x0000000709a00000, 0x0000000709a00000| Untracked 
|  78|0x0000000709c00000, 0x0000000709e00000, 0x0000000709e00000|100%| O|  |TAMS 0x0000000709c00000, 0x0000000709c00000| Untracked 
|  79|0x0000000709e00000, 0x000000070a000000, 0x000000070a000000|100%| O|  |TAMS 0x0000000709e00000, 0x0000000709e00000| Untracked 
|  80|0x000000070a000000, 0x000000070a200000, 0x000000070a200000|100%| O|  |TAMS 0x000000070a200000, 0x000000070a000000| Untracked 
|  81|0x000000070a200000, 0x000000070a400000, 0x000000070a400000|100%| O|  |TAMS 0x000000070a400000, 0x000000070a200000| Untracked 
|  82|0x000000070a400000, 0x000000070a600000, 0x000000070a600000|100%| O|  |TAMS 0x000000070a600000, 0x000000070a400000| Untracked 
|  83|0x000000070a600000, 0x000000070a800000, 0x000000070a800000|100%| O|  |TAMS 0x000000070a600000, 0x000000070a600000| Untracked 
|  84|0x000000070a800000, 0x000000070aa00000, 0x000000070aa00000|100%| O|  |TAMS 0x000000070a800000, 0x000000070a800000| Untracked 
|  85|0x000000070aa00000, 0x000000070ac00000, 0x000000070ac00000|100%| O|  |TAMS 0x000000070aa00000, 0x000000070aa00000| Untracked 
|  86|0x000000070ac00000, 0x000000070ae00000, 0x000000070ae00000|100%| O|  |TAMS 0x000000070ac00000, 0x000000070ac00000| Untracked 
|  87|0x000000070ae00000, 0x000000070b000000, 0x000000070b000000|100%| O|  |TAMS 0x000000070ae00000, 0x000000070ae00000| Untracked 
|  88|0x000000070b000000, 0x000000070b200000, 0x000000070b200000|100%| O|  |TAMS 0x000000070b000000, 0x000000070b000000| Untracked 
|  89|0x000000070b200000, 0x000000070b400000, 0x000000070b400000|100%| O|  |TAMS 0x000000070b200000, 0x000000070b200000| Untracked 
|  90|0x000000070b400000, 0x000000070b600000, 0x000000070b600000|100%|HS|  |TAMS 0x000000070b600000, 0x000000070b400000| Complete 
|  91|0x000000070b600000, 0x000000070b800000, 0x000000070b800000|100%|HC|  |TAMS 0x000000070b800000, 0x000000070b600000| Complete 
|  92|0x000000070b800000, 0x000000070ba00000, 0x000000070ba00000|100%|HC|  |TAMS 0x000000070ba00000, 0x000000070b800000| Complete 
|  93|0x000000070ba00000, 0x000000070bc00000, 0x000000070bc00000|100%|HC|  |TAMS 0x000000070bc00000, 0x000000070ba00000| Complete 
|  94|0x000000070bc00000, 0x000000070be00000, 0x000000070be00000|100%|HC|  |TAMS 0x000000070be00000, 0x000000070bc00000| Complete 
|  95|0x000000070be00000, 0x000000070c000000, 0x000000070c000000|100%|HC|  |TAMS 0x000000070c000000, 0x000000070be00000| Complete 
|  96|0x000000070c000000, 0x000000070c200000, 0x000000070c200000|100%|HC|  |TAMS 0x000000070c200000, 0x000000070c000000| Complete 
|  97|0x000000070c200000, 0x000000070c400000, 0x000000070c400000|100%|HC|  |TAMS 0x000000070c400000, 0x000000070c200000| Complete 
|  98|0x000000070c400000, 0x000000070c600000, 0x000000070c600000|100%|HS|  |TAMS 0x000000070c600000, 0x000000070c400000| Complete 
|  99|0x000000070c600000, 0x000000070c800000, 0x000000070c800000|100%|HC|  |TAMS 0x000000070c800000, 0x000000070c600000| Complete 
| 100|0x000000070c800000, 0x000000070ca00000, 0x000000070ca00000|100%|HC|  |TAMS 0x000000070ca00000, 0x000000070c800000| Complete 
| 101|0x000000070ca00000, 0x000000070cc00000, 0x000000070cc00000|100%|HC|  |TAMS 0x000000070cc00000, 0x000000070ca00000| Complete 
| 102|0x000000070cc00000, 0x000000070ce00000, 0x000000070ce00000|100%|HC|  |TAMS 0x000000070ce00000, 0x000000070cc00000| Complete 
| 103|0x000000070ce00000, 0x000000070d000000, 0x000000070d000000|100%|HC|  |TAMS 0x000000070d000000, 0x000000070ce00000| Complete 
| 104|0x000000070d000000, 0x000000070d200000, 0x000000070d200000|100%|HC|  |TAMS 0x000000070d200000, 0x000000070d000000| Complete 
| 105|0x000000070d200000, 0x000000070d400000, 0x000000070d400000|100%|HC|  |TAMS 0x000000070d400000, 0x000000070d200000| Complete 
| 106|0x000000070d400000, 0x000000070d600000, 0x000000070d600000|100%|HS|  |TAMS 0x000000070d600000, 0x000000070d400000| Complete 
| 107|0x000000070d600000, 0x000000070d800000, 0x000000070d800000|100%|HC|  |TAMS 0x000000070d800000, 0x000000070d600000| Complete 
| 108|0x000000070d800000, 0x000000070da00000, 0x000000070da00000|100%|HC|  |TAMS 0x000000070da00000, 0x000000070d800000| Complete 
| 109|0x000000070da00000, 0x000000070dc00000, 0x000000070dc00000|100%|HC|  |TAMS 0x000000070dc00000, 0x000000070da00000| Complete 
| 110|0x000000070dc00000, 0x000000070de00000, 0x000000070de00000|100%|HC|  |TAMS 0x000000070de00000, 0x000000070dc00000| Complete 
| 111|0x000000070de00000, 0x000000070e000000, 0x000000070e000000|100%|HC|  |TAMS 0x000000070e000000, 0x000000070de00000| Complete 
| 112|0x000000070e000000, 0x000000070e200000, 0x000000070e200000|100%|HC|  |TAMS 0x000000070e200000, 0x000000070e000000| Complete 
| 113|0x000000070e200000, 0x000000070e400000, 0x000000070e400000|100%|HC|  |TAMS 0x000000070e400000, 0x000000070e200000| Complete 
| 114|0x000000070e400000, 0x000000070e600000, 0x000000070e600000|100%|HS|  |TAMS 0x000000070e600000, 0x000000070e400000| Complete 
| 115|0x000000070e600000, 0x000000070e800000, 0x000000070e800000|100%|HC|  |TAMS 0x000000070e800000, 0x000000070e600000| Complete 
| 116|0x000000070e800000, 0x000000070ea00000, 0x000000070ea00000|100%|HC|  |TAMS 0x000000070ea00000, 0x000000070e800000| Complete 
| 117|0x000000070ea00000, 0x000000070ec00000, 0x000000070ec00000|100%|HC|  |TAMS 0x000000070ec00000, 0x000000070ea00000| Complete 
| 118|0x000000070ec00000, 0x000000070ee00000, 0x000000070ee00000|100%|HC|  |TAMS 0x000000070ee00000, 0x000000070ec00000| Complete 
| 119|0x000000070ee00000, 0x000000070f000000, 0x000000070f000000|100%|HC|  |TAMS 0x000000070f000000, 0x000000070ee00000| Complete 
| 120|0x000000070f000000, 0x000000070f200000, 0x000000070f200000|100%|HC|  |TAMS 0x000000070f200000, 0x000000070f000000| Complete 
| 121|0x000000070f200000, 0x000000070f400000, 0x000000070f400000|100%|HC|  |TAMS 0x000000070f400000, 0x000000070f200000| Complete 
| 122|0x000000070f400000, 0x000000070f600000, 0x000000070f600000|100%|HS|  |TAMS 0x000000070f600000, 0x000000070f400000| Complete 
| 123|0x000000070f600000, 0x000000070f800000, 0x000000070f800000|100%|HC|  |TAMS 0x000000070f800000, 0x000000070f600000| Complete 
| 124|0x000000070f800000, 0x000000070fa00000, 0x000000070fa00000|100%|HC|  |TAMS 0x000000070fa00000, 0x000000070f800000| Complete 
| 125|0x000000070fa00000, 0x000000070fc00000, 0x000000070fc00000|100%|HC|  |TAMS 0x000000070fc00000, 0x000000070fa00000| Complete 
| 126|0x000000070fc00000, 0x000000070fe00000, 0x000000070fe00000|100%|HC|  |TAMS 0x000000070fe00000, 0x000000070fc00000| Complete 
| 127|0x000000070fe00000, 0x0000000710000000, 0x0000000710000000|100%|HC|  |TAMS 0x0000000710000000, 0x000000070fe00000| Complete 
| 128|0x0000000710000000, 0x0000000710200000, 0x0000000710200000|100%|HC|  |TAMS 0x0000000710200000, 0x0000000710000000| Complete 
| 129|0x0000000710200000, 0x0000000710400000, 0x0000000710400000|100%|HC|  |TAMS 0x0000000710400000, 0x0000000710200000| Complete 
| 130|0x0000000710400000, 0x0000000710600000, 0x0000000710600000|100%| O|  |TAMS 0x0000000710600000, 0x0000000710400000| Untracked 
| 131|0x0000000710600000, 0x0000000710800000, 0x0000000710800000|100%| O|  |TAMS 0x0000000710800000, 0x0000000710600000| Untracked 
| 132|0x0000000710800000, 0x0000000710a00000, 0x0000000710a00000|100%| O|  |TAMS 0x0000000710a00000, 0x0000000710800000| Untracked 
| 133|0x0000000710a00000, 0x0000000710c00000, 0x0000000710c00000|100%|HS|  |TAMS 0x0000000710c00000, 0x0000000710a00000| Complete 
| 134|0x0000000710c00000, 0x0000000710e00000, 0x0000000710e00000|100%|HC|  |TAMS 0x0000000710e00000, 0x0000000710c00000| Complete 
| 135|0x0000000710e00000, 0x0000000711000000, 0x0000000711000000|100%|HC|  |TAMS 0x0000000711000000, 0x0000000710e00000| Complete 
| 136|0x0000000711000000, 0x0000000711200000, 0x0000000711200000|100%|HC|  |TAMS 0x0000000711200000, 0x0000000711000000| Complete 
| 137|0x0000000711200000, 0x0000000711400000, 0x0000000711400000|100%|HC|  |TAMS 0x0000000711400000, 0x0000000711200000| Complete 
| 138|0x0000000711400000, 0x0000000711600000, 0x0000000711600000|100%|HC|  |TAMS 0x0000000711600000, 0x0000000711400000| Complete 
| 139|0x0000000711600000, 0x0000000711800000, 0x0000000711800000|100%|HC|  |TAMS 0x0000000711800000, 0x0000000711600000| Complete 
| 140|0x0000000711800000, 0x0000000711a00000, 0x0000000711a00000|100%|HC|  |TAMS 0x0000000711a00000, 0x0000000711800000| Complete 
| 141|0x0000000711a00000, 0x0000000711c00000, 0x0000000711c00000|100%|HS|  |TAMS 0x0000000711c00000, 0x0000000711a00000| Complete 
| 142|0x0000000711c00000, 0x0000000711e00000, 0x0000000711e00000|100%|HC|  |TAMS 0x0000000711e00000, 0x0000000711c00000| Complete 
| 143|0x0000000711e00000, 0x0000000712000000, 0x0000000712000000|100%|HC|  |TAMS 0x0000000712000000, 0x0000000711e00000| Complete 
| 144|0x0000000712000000, 0x0000000712200000, 0x0000000712200000|100%|HC|  |TAMS 0x0000000712200000, 0x0000000712000000| Complete 
| 145|0x0000000712200000, 0x0000000712400000, 0x0000000712400000|100%|HC|  |TAMS 0x0000000712400000, 0x0000000712200000| Complete 
| 146|0x0000000712400000, 0x0000000712600000, 0x0000000712600000|100%|HC|  |TAMS 0x0000000712600000, 0x0000000712400000| Complete 
| 147|0x0000000712600000, 0x0000000712800000, 0x0000000712800000|100%|HC|  |TAMS 0x0000000712800000, 0x0000000712600000| Complete 
| 148|0x0000000712800000, 0x0000000712a00000, 0x0000000712a00000|100%|HC|  |TAMS 0x0000000712a00000, 0x0000000712800000| Complete 
| 149|0x0000000712a00000, 0x0000000712c00000, 0x0000000712c00000|100%|HS|  |TAMS 0x0000000712c00000, 0x0000000712a00000| Complete 
| 150|0x0000000712c00000, 0x0000000712e00000, 0x0000000712e00000|100%|HC|  |TAMS 0x0000000712e00000, 0x0000000712c00000| Complete 
| 151|0x0000000712e00000, 0x0000000713000000, 0x0000000713000000|100%|HC|  |TAMS 0x0000000713000000, 0x0000000712e00000| Complete 
| 152|0x0000000713000000, 0x0000000713200000, 0x0000000713200000|100%|HC|  |TAMS 0x0000000713200000, 0x0000000713000000| Complete 
| 153|0x0000000713200000, 0x0000000713400000, 0x0000000713400000|100%|HC|  |TAMS 0x0000000713400000, 0x0000000713200000| Complete 
| 154|0x0000000713400000, 0x0000000713600000, 0x0000000713600000|100%|HC|  |TAMS 0x0000000713600000, 0x0000000713400000| Complete 
| 155|0x0000000713600000, 0x0000000713800000, 0x0000000713800000|100%|HC|  |TAMS 0x0000000713800000, 0x0000000713600000| Complete 
| 156|0x0000000713800000, 0x0000000713a00000, 0x0000000713a00000|100%|HC|  |TAMS 0x0000000713a00000, 0x0000000713800000| Complete 
| 157|0x0000000713a00000, 0x0000000713c00000, 0x0000000713c00000|100%|HS|  |TAMS 0x0000000713c00000, 0x0000000713a00000| Complete 
| 158|0x0000000713c00000, 0x0000000713e00000, 0x0000000713e00000|100%|HC|  |TAMS 0x0000000713e00000, 0x0000000713c00000| Complete 
| 159|0x0000000713e00000, 0x0000000714000000, 0x0000000714000000|100%|HC|  |TAMS 0x0000000714000000, 0x0000000713e00000| Complete 
| 160|0x0000000714000000, 0x0000000714200000, 0x0000000714200000|100%|HC|  |TAMS 0x0000000714200000, 0x0000000714000000| Complete 
| 161|0x0000000714200000, 0x0000000714400000, 0x0000000714400000|100%|HC|  |TAMS 0x0000000714400000, 0x0000000714200000| Complete 
| 162|0x0000000714400000, 0x0000000714600000, 0x0000000714600000|100%|HC|  |TAMS 0x0000000714600000, 0x0000000714400000| Complete 
| 163|0x0000000714600000, 0x0000000714800000, 0x0000000714800000|100%|HC|  |TAMS 0x0000000714800000, 0x0000000714600000| Complete 
| 164|0x0000000714800000, 0x0000000714a00000, 0x0000000714a00000|100%|HC|  |TAMS 0x0000000714a00000, 0x0000000714800000| Complete 
| 165|0x0000000714a00000, 0x0000000714c00000, 0x0000000714c00000|100%|HS|  |TAMS 0x0000000714c00000, 0x0000000714a00000| Complete 
| 166|0x0000000714c00000, 0x0000000714e00000, 0x0000000714e00000|100%|HC|  |TAMS 0x0000000714e00000, 0x0000000714c00000| Complete 
| 167|0x0000000714e00000, 0x0000000715000000, 0x0000000715000000|100%|HC|  |TAMS 0x0000000715000000, 0x0000000714e00000| Complete 
| 168|0x0000000715000000, 0x0000000715200000, 0x0000000715200000|100%|HC|  |TAMS 0x0000000715200000, 0x0000000715000000| Complete 
| 169|0x0000000715200000, 0x0000000715400000, 0x0000000715400000|100%|HC|  |TAMS 0x0000000715400000, 0x0000000715200000| Complete 
| 170|0x0000000715400000, 0x0000000715600000, 0x0000000715600000|100%|HC|  |TAMS 0x0000000715600000, 0x0000000715400000| Complete 
| 171|0x0000000715600000, 0x0000000715800000, 0x0000000715800000|100%|HC|  |TAMS 0x0000000715800000, 0x0000000715600000| Complete 
| 172|0x0000000715800000, 0x0000000715a00000, 0x0000000715a00000|100%|HC|  |TAMS 0x0000000715a00000, 0x0000000715800000| Complete 
| 173|0x0000000715a00000, 0x0000000715c00000, 0x0000000715c00000|100%|HS|  |TAMS 0x0000000715c00000, 0x0000000715a00000| Complete 
| 174|0x0000000715c00000, 0x0000000715e00000, 0x0000000715e00000|100%|HC|  |TAMS 0x0000000715e00000, 0x0000000715c00000| Complete 
| 175|0x0000000715e00000, 0x0000000716000000, 0x0000000716000000|100%|HC|  |TAMS 0x0000000716000000, 0x0000000715e00000| Complete 
| 176|0x0000000716000000, 0x0000000716200000, 0x0000000716200000|100%|HC|  |TAMS 0x0000000716200000, 0x0000000716000000| Complete 
| 177|0x0000000716200000, 0x0000000716400000, 0x0000000716400000|100%|HC|  |TAMS 0x0000000716400000, 0x0000000716200000| Complete 
| 178|0x0000000716400000, 0x0000000716600000, 0x0000000716600000|100%|HC|  |TAMS 0x0000000716600000, 0x0000000716400000| Complete 
| 179|0x0000000716600000, 0x0000000716800000, 0x0000000716800000|100%|HC|  |TAMS 0x0000000716800000, 0x0000000716600000| Complete 
| 180|0x0000000716800000, 0x0000000716a00000, 0x0000000716a00000|100%|HC|  |TAMS 0x0000000716a00000, 0x0000000716800000| Complete 
| 181|0x0000000716a00000, 0x0000000716c00000, 0x0000000716c00000|100%|HS|  |TAMS 0x0000000716c00000, 0x0000000716a00000| Complete 
| 182|0x0000000716c00000, 0x0000000716e00000, 0x0000000716e00000|100%|HC|  |TAMS 0x0000000716e00000, 0x0000000716c00000| Complete 
| 183|0x0000000716e00000, 0x0000000717000000, 0x0000000717000000|100%|HC|  |TAMS 0x0000000717000000, 0x0000000716e00000| Complete 
| 184|0x0000000717000000, 0x0000000717200000, 0x0000000717200000|100%|HC|  |TAMS 0x0000000717200000, 0x0000000717000000| Complete 
| 185|0x0000000717200000, 0x0000000717400000, 0x0000000717400000|100%|HC|  |TAMS 0x0000000717400000, 0x0000000717200000| Complete 
| 186|0x0000000717400000, 0x0000000717600000, 0x0000000717600000|100%|HC|  |TAMS 0x0000000717600000, 0x0000000717400000| Complete 
| 187|0x0000000717600000, 0x0000000717800000, 0x0000000717800000|100%|HC|  |TAMS 0x0000000717800000, 0x0000000717600000| Complete 
| 188|0x0000000717800000, 0x0000000717a00000, 0x0000000717a00000|100%|HC|  |TAMS 0x0000000717a00000, 0x0000000717800000| Complete 
| 189|0x0000000717a00000, 0x0000000717c00000, 0x0000000717c00000|100%|HS|  |TAMS 0x0000000717c00000, 0x0000000717a00000| Complete 
| 190|0x0000000717c00000, 0x0000000717e00000, 0x0000000717e00000|100%|HC|  |TAMS 0x0000000717e00000, 0x0000000717c00000| Complete 
| 191|0x0000000717e00000, 0x0000000718000000, 0x0000000718000000|100%|HC|  |TAMS 0x0000000718000000, 0x0000000717e00000| Complete 
| 192|0x0000000718000000, 0x0000000718200000, 0x0000000718200000|100%|HC|  |TAMS 0x0000000718200000, 0x0000000718000000| Complete 
| 193|0x0000000718200000, 0x0000000718400000, 0x0000000718400000|100%|HC|  |TAMS 0x0000000718400000, 0x0000000718200000| Complete 
| 194|0x0000000718400000, 0x0000000718600000, 0x0000000718600000|100%|HC|  |TAMS 0x0000000718600000, 0x0000000718400000| Complete 
| 195|0x0000000718600000, 0x0000000718800000, 0x0000000718800000|100%|HC|  |TAMS 0x0000000718800000, 0x0000000718600000| Complete 
| 196|0x0000000718800000, 0x0000000718a00000, 0x0000000718a00000|100%|HC|  |TAMS 0x0000000718a00000, 0x0000000718800000| Complete 
| 197|0x0000000718a00000, 0x0000000718c00000, 0x0000000718c00000|100%| O|  |TAMS 0x0000000718a00000, 0x0000000718a00000| Untracked 
| 198|0x0000000718c00000, 0x0000000718e00000, 0x0000000718e00000|100%| O|  |TAMS 0x0000000718e00000, 0x0000000718c00000| Untracked 
| 199|0x0000000718e00000, 0x0000000719000000, 0x0000000719000000|100%| O|  |TAMS 0x0000000719000000, 0x0000000718e00000| Untracked 
| 200|0x0000000719000000, 0x0000000719200000, 0x0000000719200000|100%| O|  |TAMS 0x0000000719200000, 0x0000000719000000| Untracked 
| 201|0x0000000719200000, 0x0000000719400000, 0x0000000719400000|100%| O|  |TAMS 0x0000000719400000, 0x0000000719200000| Untracked 
| 202|0x0000000719400000, 0x0000000719600000, 0x0000000719600000|100%| O|  |TAMS 0x0000000719600000, 0x0000000719400000| Untracked 
| 203|0x0000000719600000, 0x0000000719800000, 0x0000000719800000|100%| O|  |TAMS 0x0000000719800000, 0x0000000719600000| Untracked 
| 204|0x0000000719800000, 0x0000000719a00000, 0x0000000719a00000|100%| O|  |TAMS 0x0000000719a00000, 0x0000000719800000| Untracked 
| 205|0x0000000719a00000, 0x0000000719c00000, 0x0000000719c00000|100%| O|  |TAMS 0x0000000719c00000, 0x0000000719a00000| Untracked 
| 206|0x0000000719c00000, 0x0000000719e00000, 0x0000000719e00000|100%| O|  |TAMS 0x0000000719e00000, 0x0000000719c00000| Untracked 
| 207|0x0000000719e00000, 0x000000071a000000, 0x000000071a000000|100%| O|  |TAMS 0x000000071a000000, 0x0000000719e00000| Untracked 
| 208|0x000000071a000000, 0x000000071a200000, 0x000000071a200000|100%| O|  |TAMS 0x000000071a200000, 0x000000071a000000| Untracked 
| 209|0x000000071a200000, 0x000000071a400000, 0x000000071a400000|100%| O|  |TAMS 0x000000071a242800, 0x000000071a200000| Untracked 
| 210|0x000000071a400000, 0x000000071a600000, 0x000000071a600000|100%| O|  |TAMS 0x000000071a400000, 0x000000071a400000| Untracked 
| 211|0x000000071a600000, 0x000000071a800000, 0x000000071a800000|100%| O|  |TAMS 0x000000071a600000, 0x000000071a600000| Untracked 
| 212|0x000000071a800000, 0x000000071a9a2400, 0x000000071aa00000| 81%| O|  |TAMS 0x000000071a800000, 0x000000071a800000| Untracked 
| 213|0x000000071aa00000, 0x000000071aa00000, 0x000000071ac00000|  0%| F|  |TAMS 0x000000071aa00000, 0x000000071aa00000| Untracked 
| 214|0x000000071ac00000, 0x000000071ac00000, 0x000000071ae00000|  0%| F|  |TAMS 0x000000071ac00000, 0x000000071ac00000| Untracked 
| 215|0x000000071ae00000, 0x000000071ae00000, 0x000000071b000000|  0%| F|  |TAMS 0x000000071ae00000, 0x000000071ae00000| Untracked 
| 216|0x000000071b000000, 0x000000071b000000, 0x000000071b200000|  0%| F|  |TAMS 0x000000071b000000, 0x000000071b000000| Untracked 
| 217|0x000000071b200000, 0x000000071b200000, 0x000000071b400000|  0%| F|  |TAMS 0x000000071b200000, 0x000000071b200000| Untracked 
| 218|0x000000071b400000, 0x000000071b400000, 0x000000071b600000|  0%| F|  |TAMS 0x000000071b400000, 0x000000071b400000| Untracked 
| 219|0x000000071b600000, 0x000000071b600000, 0x000000071b800000|  0%| F|  |TAMS 0x000000071b600000, 0x000000071b600000| Untracked 
| 220|0x000000071b800000, 0x000000071b800000, 0x000000071ba00000|  0%| F|  |TAMS 0x000000071b800000, 0x000000071b800000| Untracked 
| 221|0x000000071ba00000, 0x000000071ba00000, 0x000000071bc00000|  0%| F|  |TAMS 0x000000071ba00000, 0x000000071ba00000| Untracked 
| 222|0x000000071bc00000, 0x000000071bc00000, 0x000000071be00000|  0%| F|  |TAMS 0x000000071bc00000, 0x000000071bc00000| Untracked 
| 223|0x000000071be00000, 0x000000071be00000, 0x000000071c000000|  0%| F|  |TAMS 0x000000071be00000, 0x000000071be00000| Untracked 
| 224|0x000000071c000000, 0x000000071c000000, 0x000000071c200000|  0%| F|  |TAMS 0x000000071c000000, 0x000000071c000000| Untracked 
| 225|0x000000071c200000, 0x000000071c200000, 0x000000071c400000|  0%| F|  |TAMS 0x000000071c200000, 0x000000071c200000| Untracked 
| 226|0x000000071c400000, 0x000000071c400000, 0x000000071c600000|  0%| F|  |TAMS 0x000000071c400000, 0x000000071c400000| Untracked 
| 227|0x000000071c600000, 0x000000071c600000, 0x000000071c800000|  0%| F|  |TAMS 0x000000071c600000, 0x000000071c600000| Untracked 
| 228|0x000000071c800000, 0x000000071c800000, 0x000000071ca00000|  0%| F|  |TAMS 0x000000071c800000, 0x000000071c800000| Untracked 
| 229|0x000000071ca00000, 0x000000071ca00000, 0x000000071cc00000|  0%| F|  |TAMS 0x000000071ca00000, 0x000000071ca00000| Untracked 
| 230|0x000000071cc00000, 0x000000071cc00000, 0x000000071ce00000|  0%| F|  |TAMS 0x000000071cc00000, 0x000000071cc00000| Untracked 
| 231|0x000000071ce00000, 0x000000071ce00000, 0x000000071d000000|  0%| F|  |TAMS 0x000000071ce00000, 0x000000071ce00000| Untracked 
| 232|0x000000071d000000, 0x000000071d000000, 0x000000071d200000|  0%| F|  |TAMS 0x000000071d000000, 0x000000071d000000| Untracked 
| 233|0x000000071d200000, 0x000000071d200000, 0x000000071d400000|  0%| F|  |TAMS 0x000000071d200000, 0x000000071d200000| Untracked 
| 234|0x000000071d400000, 0x000000071d400000, 0x000000071d600000|  0%| F|  |TAMS 0x000000071d400000, 0x000000071d400000| Untracked 
| 235|0x000000071d600000, 0x000000071d600000, 0x000000071d800000|  0%| F|  |TAMS 0x000000071d600000, 0x000000071d600000| Untracked 
| 236|0x000000071d800000, 0x000000071d800000, 0x000000071da00000|  0%| F|  |TAMS 0x000000071d800000, 0x000000071d800000| Untracked 
| 237|0x000000071da00000, 0x000000071da00000, 0x000000071dc00000|  0%| F|  |TAMS 0x000000071da00000, 0x000000071da00000| Untracked 
| 238|0x000000071dc00000, 0x000000071dc00000, 0x000000071de00000|  0%| F|  |TAMS 0x000000071dc00000, 0x000000071dc00000| Untracked 
| 239|0x000000071de00000, 0x000000071de00000, 0x000000071e000000|  0%| F|  |TAMS 0x000000071de00000, 0x000000071de00000| Untracked 
| 240|0x000000071e000000, 0x000000071e000000, 0x000000071e200000|  0%| F|  |TAMS 0x000000071e000000, 0x000000071e000000| Untracked 
| 241|0x000000071e200000, 0x000000071e200000, 0x000000071e400000|  0%| F|  |TAMS 0x000000071e200000, 0x000000071e200000| Untracked 
| 242|0x000000071e400000, 0x000000071e400000, 0x000000071e600000|  0%| F|  |TAMS 0x000000071e400000, 0x000000071e400000| Untracked 
| 243|0x000000071e600000, 0x000000071e600000, 0x000000071e800000|  0%| F|  |TAMS 0x000000071e600000, 0x000000071e600000| Untracked 
| 244|0x000000071e800000, 0x000000071e800000, 0x000000071ea00000|  0%| F|  |TAMS 0x000000071e800000, 0x000000071e800000| Untracked 
| 245|0x000000071ea00000, 0x000000071ea00000, 0x000000071ec00000|  0%| F|  |TAMS 0x000000071ea00000, 0x000000071ea00000| Untracked 
| 246|0x000000071ec00000, 0x000000071ec00000, 0x000000071ee00000|  0%| F|  |TAMS 0x000000071ec00000, 0x000000071ec00000| Untracked 
| 247|0x000000071ee00000, 0x000000071ee00000, 0x000000071f000000|  0%| F|  |TAMS 0x000000071ee00000, 0x000000071ee00000| Untracked 
| 248|0x000000071f000000, 0x000000071f000000, 0x000000071f200000|  0%| F|  |TAMS 0x000000071f000000, 0x000000071f000000| Untracked 
| 249|0x000000071f200000, 0x000000071f200000, 0x000000071f400000|  0%| F|  |TAMS 0x000000071f200000, 0x000000071f200000| Untracked 
| 250|0x000000071f400000, 0x000000071f400000, 0x000000071f600000|  0%| F|  |TAMS 0x000000071f400000, 0x000000071f400000| Untracked 
| 251|0x000000071f600000, 0x000000071f600000, 0x000000071f800000|  0%| F|  |TAMS 0x000000071f600000, 0x000000071f600000| Untracked 
| 252|0x000000071f800000, 0x000000071f800000, 0x000000071fa00000|  0%| F|  |TAMS 0x000000071f800000, 0x000000071f800000| Untracked 
| 253|0x000000071fa00000, 0x000000071fa00000, 0x000000071fc00000|  0%| F|  |TAMS 0x000000071fa00000, 0x000000071fa00000| Untracked 
| 254|0x000000071fc00000, 0x000000071fc00000, 0x000000071fe00000|  0%| F|  |TAMS 0x000000071fc00000, 0x000000071fc00000| Untracked 
| 255|0x000000071fe00000, 0x000000071fe00000, 0x0000000720000000|  0%| F|  |TAMS 0x000000071fe00000, 0x000000071fe00000| Untracked 
| 256|0x0000000720000000, 0x0000000720000000, 0x0000000720200000|  0%| F|  |TAMS 0x0000000720000000, 0x0000000720000000| Untracked 
| 257|0x0000000720200000, 0x0000000720200000, 0x0000000720400000|  0%| F|  |TAMS 0x0000000720200000, 0x0000000720200000| Untracked 
| 258|0x0000000720400000, 0x0000000720400000, 0x0000000720600000|  0%| F|  |TAMS 0x0000000720400000, 0x0000000720400000| Untracked 
| 259|0x0000000720600000, 0x0000000720600000, 0x0000000720800000|  0%| F|  |TAMS 0x0000000720600000, 0x0000000720600000| Untracked 
| 260|0x0000000720800000, 0x0000000720800000, 0x0000000720a00000|  0%| F|  |TAMS 0x0000000720800000, 0x0000000720800000| Untracked 
| 261|0x0000000720a00000, 0x0000000720a00000, 0x0000000720c00000|  0%| F|  |TAMS 0x0000000720a00000, 0x0000000720a00000| Untracked 
| 262|0x0000000720c00000, 0x0000000720c00000, 0x0000000720e00000|  0%| F|  |TAMS 0x0000000720c00000, 0x0000000720c00000| Untracked 
| 263|0x0000000720e00000, 0x0000000720e00000, 0x0000000721000000|  0%| F|  |TAMS 0x0000000720e00000, 0x0000000720e00000| Untracked 
| 264|0x0000000721000000, 0x0000000721000000, 0x0000000721200000|  0%| F|  |TAMS 0x0000000721000000, 0x0000000721000000| Untracked 
| 265|0x0000000721200000, 0x0000000721200000, 0x0000000721400000|  0%| F|  |TAMS 0x0000000721200000, 0x0000000721200000| Untracked 
| 266|0x0000000721400000, 0x0000000721400000, 0x0000000721600000|  0%| F|  |TAMS 0x0000000721400000, 0x0000000721400000| Untracked 
| 267|0x0000000721600000, 0x0000000721600000, 0x0000000721800000|  0%| F|  |TAMS 0x0000000721600000, 0x0000000721600000| Untracked 
| 268|0x0000000721800000, 0x0000000721800000, 0x0000000721a00000|  0%| F|  |TAMS 0x0000000721800000, 0x0000000721800000| Untracked 
| 269|0x0000000721a00000, 0x0000000721a00000, 0x0000000721c00000|  0%| F|  |TAMS 0x0000000721a00000, 0x0000000721a00000| Untracked 
| 270|0x0000000721c00000, 0x0000000721c00000, 0x0000000721e00000|  0%| F|  |TAMS 0x0000000721c00000, 0x0000000721c00000| Untracked 
| 271|0x0000000721e00000, 0x0000000721e00000, 0x0000000722000000|  0%| F|  |TAMS 0x0000000721e00000, 0x0000000721e00000| Untracked 
| 272|0x0000000722000000, 0x0000000722000000, 0x0000000722200000|  0%| F|  |TAMS 0x0000000722000000, 0x0000000722000000| Untracked 
| 273|0x0000000722200000, 0x0000000722200000, 0x0000000722400000|  0%| F|  |TAMS 0x0000000722200000, 0x0000000722200000| Untracked 
| 274|0x0000000722400000, 0x0000000722400000, 0x0000000722600000|  0%| F|  |TAMS 0x0000000722400000, 0x0000000722400000| Untracked 
| 275|0x0000000722600000, 0x0000000722600000, 0x0000000722800000|  0%| F|  |TAMS 0x0000000722600000, 0x0000000722600000| Untracked 
| 276|0x0000000722800000, 0x0000000722800000, 0x0000000722a00000|  0%| F|  |TAMS 0x0000000722800000, 0x0000000722800000| Untracked 
| 277|0x0000000722a00000, 0x0000000722a00000, 0x0000000722c00000|  0%| F|  |TAMS 0x0000000722a00000, 0x0000000722a00000| Untracked 
| 278|0x0000000722c00000, 0x0000000722c00000, 0x0000000722e00000|  0%| F|  |TAMS 0x0000000722c00000, 0x0000000722c00000| Untracked 
| 279|0x0000000722e00000, 0x0000000722e00000, 0x0000000723000000|  0%| F|  |TAMS 0x0000000722e00000, 0x0000000722e00000| Untracked 
| 280|0x0000000723000000, 0x0000000723000000, 0x0000000723200000|  0%| F|  |TAMS 0x0000000723000000, 0x0000000723000000| Untracked 
| 281|0x0000000723200000, 0x0000000723200000, 0x0000000723400000|  0%| F|  |TAMS 0x0000000723200000, 0x0000000723200000| Untracked 
| 282|0x0000000723400000, 0x0000000723400000, 0x0000000723600000|  0%| F|  |TAMS 0x0000000723400000, 0x0000000723400000| Untracked 
| 283|0x0000000723600000, 0x0000000723600000, 0x0000000723800000|  0%| F|  |TAMS 0x0000000723600000, 0x0000000723600000| Untracked 
| 284|0x0000000723800000, 0x0000000723800000, 0x0000000723a00000|  0%| F|  |TAMS 0x0000000723800000, 0x0000000723800000| Untracked 
| 285|0x0000000723a00000, 0x0000000723a00000, 0x0000000723c00000|  0%| F|  |TAMS 0x0000000723a00000, 0x0000000723a00000| Untracked 
| 286|0x0000000723c00000, 0x0000000723c00000, 0x0000000723e00000|  0%| F|  |TAMS 0x0000000723c00000, 0x0000000723c00000| Untracked 
| 287|0x0000000723e00000, 0x0000000723e00000, 0x0000000724000000|  0%| F|  |TAMS 0x0000000723e00000, 0x0000000723e00000| Untracked 
| 288|0x0000000724000000, 0x0000000724000000, 0x0000000724200000|  0%| F|  |TAMS 0x0000000724000000, 0x0000000724000000| Untracked 
| 289|0x0000000724200000, 0x0000000724200000, 0x0000000724400000|  0%| F|  |TAMS 0x0000000724200000, 0x0000000724200000| Untracked 
| 290|0x0000000724400000, 0x0000000724400000, 0x0000000724600000|  0%| F|  |TAMS 0x0000000724400000, 0x0000000724400000| Untracked 
| 291|0x0000000724600000, 0x0000000724600000, 0x0000000724800000|  0%| F|  |TAMS 0x0000000724600000, 0x0000000724600000| Untracked 
| 292|0x0000000724800000, 0x0000000724800000, 0x0000000724a00000|  0%| F|  |TAMS 0x0000000724800000, 0x0000000724800000| Untracked 
| 293|0x0000000724a00000, 0x0000000724a00000, 0x0000000724c00000|  0%| F|  |TAMS 0x0000000724a00000, 0x0000000724a00000| Untracked 
| 294|0x0000000724c00000, 0x0000000724c00000, 0x0000000724e00000|  0%| F|  |TAMS 0x0000000724c00000, 0x0000000724c00000| Untracked 
| 295|0x0000000724e00000, 0x0000000724e00000, 0x0000000725000000|  0%| F|  |TAMS 0x0000000724e00000, 0x0000000724e00000| Untracked 
| 296|0x0000000725000000, 0x0000000725000000, 0x0000000725200000|  0%| F|  |TAMS 0x0000000725000000, 0x0000000725000000| Untracked 
| 297|0x0000000725200000, 0x0000000725200000, 0x0000000725400000|  0%| F|  |TAMS 0x0000000725200000, 0x0000000725200000| Untracked 
| 298|0x0000000725400000, 0x0000000725400000, 0x0000000725600000|  0%| F|  |TAMS 0x0000000725400000, 0x0000000725400000| Untracked 
| 299|0x0000000725600000, 0x0000000725600000, 0x0000000725800000|  0%| F|  |TAMS 0x0000000725600000, 0x0000000725600000| Untracked 
| 300|0x0000000725800000, 0x0000000725800000, 0x0000000725a00000|  0%| F|  |TAMS 0x0000000725800000, 0x0000000725800000| Untracked 
| 301|0x0000000725a00000, 0x0000000725a00000, 0x0000000725c00000|  0%| F|  |TAMS 0x0000000725a00000, 0x0000000725a00000| Untracked 
| 302|0x0000000725c00000, 0x0000000725c00000, 0x0000000725e00000|  0%| F|  |TAMS 0x0000000725c00000, 0x0000000725c00000| Untracked 
| 303|0x0000000725e00000, 0x0000000725e00000, 0x0000000726000000|  0%| F|  |TAMS 0x0000000725e00000, 0x0000000725e00000| Untracked 
| 304|0x0000000726000000, 0x0000000726000000, 0x0000000726200000|  0%| F|  |TAMS 0x0000000726000000, 0x0000000726000000| Untracked 
| 305|0x0000000726200000, 0x0000000726200000, 0x0000000726400000|  0%| F|  |TAMS 0x0000000726200000, 0x0000000726200000| Untracked 
| 306|0x0000000726400000, 0x0000000726400000, 0x0000000726600000|  0%| F|  |TAMS 0x0000000726400000, 0x0000000726400000| Untracked 
| 307|0x0000000726600000, 0x0000000726600000, 0x0000000726800000|  0%| F|  |TAMS 0x0000000726600000, 0x0000000726600000| Untracked 
| 308|0x0000000726800000, 0x0000000726800000, 0x0000000726a00000|  0%| F|  |TAMS 0x0000000726800000, 0x0000000726800000| Untracked 
| 309|0x0000000726a00000, 0x0000000726a00000, 0x0000000726c00000|  0%| F|  |TAMS 0x0000000726a00000, 0x0000000726a00000| Untracked 
| 310|0x0000000726c00000, 0x0000000726c00000, 0x0000000726e00000|  0%| F|  |TAMS 0x0000000726c00000, 0x0000000726c00000| Untracked 
| 311|0x0000000726e00000, 0x0000000726e00000, 0x0000000727000000|  0%| F|  |TAMS 0x0000000726e00000, 0x0000000726e00000| Untracked 
| 312|0x0000000727000000, 0x0000000727000000, 0x0000000727200000|  0%| F|  |TAMS 0x0000000727000000, 0x0000000727000000| Untracked 
| 313|0x0000000727200000, 0x0000000727200000, 0x0000000727400000|  0%| F|  |TAMS 0x0000000727200000, 0x0000000727200000| Untracked 
| 314|0x0000000727400000, 0x0000000727400000, 0x0000000727600000|  0%| F|  |TAMS 0x0000000727400000, 0x0000000727400000| Untracked 
| 315|0x0000000727600000, 0x0000000727600000, 0x0000000727800000|  0%| F|  |TAMS 0x0000000727600000, 0x0000000727600000| Untracked 
| 316|0x0000000727800000, 0x0000000727800000, 0x0000000727a00000|  0%| F|  |TAMS 0x0000000727800000, 0x0000000727800000| Untracked 
| 317|0x0000000727a00000, 0x0000000727a00000, 0x0000000727c00000|  0%| F|  |TAMS 0x0000000727a00000, 0x0000000727a00000| Untracked 
| 318|0x0000000727c00000, 0x0000000727c00000, 0x0000000727e00000|  0%| F|  |TAMS 0x0000000727c00000, 0x0000000727c00000| Untracked 
| 319|0x0000000727e00000, 0x0000000727e00000, 0x0000000728000000|  0%| F|  |TAMS 0x0000000727e00000, 0x0000000727e00000| Untracked 
| 320|0x0000000728000000, 0x0000000728000000, 0x0000000728200000|  0%| F|  |TAMS 0x0000000728000000, 0x0000000728000000| Untracked 
| 321|0x0000000728200000, 0x0000000728200000, 0x0000000728400000|  0%| F|  |TAMS 0x0000000728200000, 0x0000000728200000| Untracked 
| 322|0x0000000728400000, 0x0000000728400000, 0x0000000728600000|  0%| F|  |TAMS 0x0000000728400000, 0x0000000728400000| Untracked 
| 323|0x0000000728600000, 0x0000000728600000, 0x0000000728800000|  0%| F|  |TAMS 0x0000000728600000, 0x0000000728600000| Untracked 
| 324|0x0000000728800000, 0x0000000728800000, 0x0000000728a00000|  0%| F|  |TAMS 0x0000000728800000, 0x0000000728800000| Untracked 
| 325|0x0000000728a00000, 0x0000000728a00000, 0x0000000728c00000|  0%| F|  |TAMS 0x0000000728a00000, 0x0000000728a00000| Untracked 
| 326|0x0000000728c00000, 0x0000000728c00000, 0x0000000728e00000|  0%| F|  |TAMS 0x0000000728c00000, 0x0000000728c00000| Untracked 
| 327|0x0000000728e00000, 0x0000000728e00000, 0x0000000729000000|  0%| F|  |TAMS 0x0000000728e00000, 0x0000000728e00000| Untracked 
| 328|0x0000000729000000, 0x0000000729000000, 0x0000000729200000|  0%| F|  |TAMS 0x0000000729000000, 0x0000000729000000| Untracked 
| 329|0x0000000729200000, 0x0000000729200000, 0x0000000729400000|  0%| F|  |TAMS 0x0000000729200000, 0x0000000729200000| Untracked 
| 330|0x0000000729400000, 0x0000000729400000, 0x0000000729600000|  0%| F|  |TAMS 0x0000000729400000, 0x0000000729400000| Untracked 
| 331|0x0000000729600000, 0x0000000729800000, 0x0000000729800000|100%| S|CS|TAMS 0x0000000729600000, 0x0000000729600000| Complete 
| 332|0x0000000729800000, 0x0000000729a00000, 0x0000000729a00000|100%| S|CS|TAMS 0x0000000729800000, 0x0000000729800000| Complete 
| 333|0x0000000729a00000, 0x0000000729c00000, 0x0000000729c00000|100%| S|CS|TAMS 0x0000000729a00000, 0x0000000729a00000| Complete 
| 334|0x0000000729c00000, 0x0000000729c00000, 0x0000000729e00000|  0%| F|  |TAMS 0x0000000729c00000, 0x0000000729c00000| Untracked 
| 335|0x0000000729e00000, 0x0000000729e00000, 0x000000072a000000|  0%| F|  |TAMS 0x0000000729e00000, 0x0000000729e00000| Untracked 
| 336|0x000000072a000000, 0x000000072a000000, 0x000000072a200000|  0%| F|  |TAMS 0x000000072a000000, 0x000000072a000000| Untracked 
| 337|0x000000072a200000, 0x000000072a200000, 0x000000072a400000|  0%| F|  |TAMS 0x000000072a200000, 0x000000072a200000| Untracked 
| 338|0x000000072a400000, 0x000000072a400000, 0x000000072a600000|  0%| F|  |TAMS 0x000000072a400000, 0x000000072a400000| Untracked 
| 339|0x000000072a600000, 0x000000072a600000, 0x000000072a800000|  0%| F|  |TAMS 0x000000072a600000, 0x000000072a600000| Untracked 
| 340|0x000000072a800000, 0x000000072a800000, 0x000000072aa00000|  0%| F|  |TAMS 0x000000072a800000, 0x000000072a800000| Untracked 
| 341|0x000000072aa00000, 0x000000072aa00000, 0x000000072ac00000|  0%| F|  |TAMS 0x000000072aa00000, 0x000000072aa00000| Untracked 
| 342|0x000000072ac00000, 0x000000072ac00000, 0x000000072ae00000|  0%| F|  |TAMS 0x000000072ac00000, 0x000000072ac00000| Untracked 
| 343|0x000000072ae00000, 0x000000072ae00000, 0x000000072b000000|  0%| F|  |TAMS 0x000000072ae00000, 0x000000072ae00000| Untracked 
| 344|0x000000072b000000, 0x000000072b000000, 0x000000072b200000|  0%| F|  |TAMS 0x000000072b000000, 0x000000072b000000| Untracked 
| 345|0x000000072b200000, 0x000000072b200000, 0x000000072b400000|  0%| F|  |TAMS 0x000000072b200000, 0x000000072b200000| Untracked 
| 346|0x000000072b400000, 0x000000072b400000, 0x000000072b600000|  0%| F|  |TAMS 0x000000072b400000, 0x000000072b400000| Untracked 
| 347|0x000000072b600000, 0x000000072b600000, 0x000000072b800000|  0%| F|  |TAMS 0x000000072b600000, 0x000000072b600000| Untracked 
| 348|0x000000072b800000, 0x000000072b800000, 0x000000072ba00000|  0%| F|  |TAMS 0x000000072b800000, 0x000000072b800000| Untracked 
| 349|0x000000072ba00000, 0x000000072ba00000, 0x000000072bc00000|  0%| F|  |TAMS 0x000000072ba00000, 0x000000072ba00000| Untracked 
| 350|0x000000072bc00000, 0x000000072bc00000, 0x000000072be00000|  0%| F|  |TAMS 0x000000072bc00000, 0x000000072bc00000| Untracked 
| 351|0x000000072be00000, 0x000000072be00000, 0x000000072c000000|  0%| F|  |TAMS 0x000000072be00000, 0x000000072be00000| Untracked 
|2026|0x00000007fd400000, 0x00000007fd600000, 0x00000007fd600000|100%| O|  |TAMS 0x00000007fd600000, 0x00000007fd400000| Untracked 
|2027|0x00000007fd600000, 0x00000007fd800000, 0x00000007fd800000|100%| O|  |TAMS 0x00000007fd800000, 0x00000007fd600000| Untracked 
|2028|0x00000007fd800000, 0x00000007fda00000, 0x00000007fda00000|100%| O|  |TAMS 0x00000007fda00000, 0x00000007fd800000| Untracked 
|2029|0x00000007fda00000, 0x00000007fdc00000, 0x00000007fdc00000|100%| O|  |TAMS 0x00000007fdc00000, 0x00000007fda00000| Untracked 
|2030|0x00000007fdc00000, 0x00000007fde00000, 0x00000007fde00000|100%| O|  |TAMS 0x00000007fde00000, 0x00000007fdc00000| Untracked 
|2031|0x00000007fde00000, 0x00000007fe000000, 0x00000007fe000000|100%| O|  |TAMS 0x00000007fe000000, 0x00000007fde00000| Untracked 
|2032|0x00000007fe000000, 0x00000007fe200000, 0x00000007fe200000|100%| O|  |TAMS 0x00000007fe200000, 0x00000007fe000000| Untracked 
|2033|0x00000007fe200000, 0x00000007fe400000, 0x00000007fe400000|100%| O|  |TAMS 0x00000007fe400000, 0x00000007fe200000| Untracked 
|2034|0x00000007fe400000, 0x00000007fe600000, 0x00000007fe600000|100%| O|  |TAMS 0x00000007fe600000, 0x00000007fe400000| Untracked 
|2035|0x00000007fe600000, 0x00000007fe800000, 0x00000007fe800000|100%| O|  |TAMS 0x00000007fe800000, 0x00000007fe600000| Untracked 
|2036|0x00000007fe800000, 0x00000007fea00000, 0x00000007fea00000|100%| O|  |TAMS 0x00000007fea00000, 0x00000007fe800000| Untracked 
|2037|0x00000007fea00000, 0x00000007fec00000, 0x00000007fec00000|100%| O|  |TAMS 0x00000007fec00000, 0x00000007fea00000| Untracked 
|2038|0x00000007fec00000, 0x00000007fee00000, 0x00000007fee00000|100%| O|  |TAMS 0x00000007fee00000, 0x00000007fec00000| Untracked 
|2039|0x00000007fee00000, 0x00000007ff000000, 0x00000007ff000000|100%| O|  |TAMS 0x00000007ff000000, 0x00000007fee00000| Untracked 
|2040|0x00000007ff000000, 0x00000007ff200000, 0x00000007ff200000|100%| O|  |TAMS 0x00000007ff200000, 0x00000007ff000000| Untracked 
|2041|0x00000007ff200000, 0x00000007ff400000, 0x00000007ff400000|100%| O|  |TAMS 0x00000007ff400000, 0x00000007ff200000| Untracked 
|2042|0x00000007ff400000, 0x00000007ff600000, 0x00000007ff600000|100%| O|  |TAMS 0x00000007ff600000, 0x00000007ff400000| Untracked 
|2043|0x00000007ff600000, 0x00000007ff800000, 0x00000007ff800000|100%| O|  |TAMS 0x00000007ff800000, 0x00000007ff600000| Untracked 
|2044|0x00000007ff800000, 0x00000007ffa00000, 0x00000007ffa00000|100%| O|  |TAMS 0x00000007ffa00000, 0x00000007ff800000| Untracked 
|2045|0x00000007ffa00000, 0x00000007ffc00000, 0x00000007ffc00000|100%| O|  |TAMS 0x00000007ffc00000, 0x00000007ffa00000| Untracked 
|2046|0x00000007ffc00000, 0x00000007ffe00000, 0x00000007ffe00000|100%| O|  |TAMS 0x00000007ffe00000, 0x00000007ffc00000| Untracked 
|2047|0x00000007ffe00000, 0x0000000800000000, 0x0000000800000000|100%| O|  |TAMS 0x0000000800000000, 0x00000007ffe00000| Untracked 

Card table byte_map: [0x000001b9a7b00000,0x000001b9a8300000] _byte_map_base: 0x000001b9a4300000

Marking Bits (Prev, Next): (CMBitMap*) 0x000001b98e88b720, (CMBitMap*) 0x000001b98e88b760
 Prev Bits: [0x000001b9a8b00000, 0x000001b9acb00000)
 Next Bits: [0x000001b9acb00000, 0x000001b9b0b00000)

Polling page: 0x000001b98e5e0000

Metaspace:

Usage:
  Non-class:    100.85 MB used.
      Class:     15.76 MB used.
       Both:    116.61 MB used.

Virtual space:
  Non-class space:      128.00 MB reserved,     101.56 MB ( 79%) committed,  2 nodes.
      Class space:        1.00 GB reserved,      16.44 MB (  2%) committed,  1 nodes.
             Both:        1.12 GB reserved,     118.00 MB ( 10%) committed. 

Chunk freelists:
   Non-Class:  10.03 MB
       Class:  15.73 MB
        Both:  25.76 MB

MaxMetaspaceSize: unlimited
CompressedClassSpaceSize: 1.00 GB
Initial GC threshold: 21.00 MB
Current GC threshold: 196.56 MB
CDS: on
MetaspaceReclaimPolicy: balanced
 - commit_granule_bytes: 65536.
 - commit_granule_words: 8192.
 - virtual_space_node_default_size: 8388608.
 - enlarge_chunks_in_place: 1.
 - new_chunks_are_fully_committed: 0.
 - uncommit_free_chunks: 1.
 - use_allocation_guard: 0.
 - handle_deallocations: 1.


Internal statistics:

num_allocs_failed_limit: 12.
num_arena_births: 2662.
num_arena_deaths: 922.
num_vsnodes_births: 3.
num_vsnodes_deaths: 0.
num_space_committed: 1885.
num_space_uncommitted: 0.
num_chunks_returned_to_freelist: 1328.
num_chunks_taken_from_freelist: 7914.
num_chunk_merges: 537.
num_chunk_splits: 5193.
num_chunks_enlarged: 3463.
num_inconsistent_stats: 0.

CodeHeap 'non-profiled nmethods': size=120000Kb used=6550Kb max_used=6550Kb free=113449Kb
 bounds [0x000001b99f370000, 0x000001b99f9e0000, 0x000001b9a68a0000]
CodeHeap 'profiled nmethods': size=120000Kb used=16329Kb max_used=16776Kb free=103670Kb
 bounds [0x000001b9978a0000, 0x000001b998910000, 0x000001b99edd0000]
CodeHeap 'non-nmethods': size=5760Kb used=1622Kb max_used=1686Kb free=4137Kb
 bounds [0x000001b99edd0000, 0x000001b99f040000, 0x000001b99f370000]
 total_blobs=10875 nmethods=9864 adapters=920
 compilation: enabled
              stopped_count=0, restarted_count=0
 full_count=0

Compilation events (20 events):
Event: 17.198 Thread 0x000001b9b2fa1f60 11581       3       org.apache.spark.storage.DiskBlockObjectWriter$$Lambda$3950/0x000001b9b5fa70e0::apply (8 bytes)
Event: 17.198 Thread 0x000001b9b2fa1f60 nmethod 11581 0x000001b998222a10 code [0x000001b998222bc0, 0x000001b998222d68]
Event: 17.198 Thread 0x000001b9b2fa1f60 11582       3       org.apache.spark.sql.execution.metric.SQLShuffleWriteMetricsReporter::incBytesWritten (19 bytes)
Event: 17.198 Thread 0x000001b9b2fa1f60 nmethod 11582 0x000001b998222510 code [0x000001b9982226c0, 0x000001b9982228f8]
Event: 17.198 Thread 0x000001b9b2fa1f60 11583       3       org.apache.spark.executor.ShuffleWriteMetrics::incBytesWritten (9 bytes)
Event: 17.198 Thread 0x000001b9b2fa1f60 nmethod 11583 0x000001b998222110 code [0x000001b9982222c0, 0x000001b998222428]
Event: 17.198 Thread 0x000001b9b2fa1f60 11584       3       org.apache.spark.storage.DiskBlockObjectWriter::close (28 bytes)
Event: 17.199 Thread 0x000001b9b2fa1f60 nmethod 11584 0x000001b998220e90 code [0x000001b998221100, 0x000001b998221d08]
Event: 17.201 Thread 0x000001b9fb0f03f0 11585  s    4       java.io.BufferedOutputStream::flush (12 bytes)
Event: 17.211 Thread 0x000001b9fb0f03f0 nmethod 11585 0x000001b99f9d4190 code [0x000001b99f9d43a0, 0x000001b99f9d4d48]
Event: 17.216 Thread 0x000001b9fb0efea0 11586       4       org.apache.spark.sql.execution.metric.SQLShuffleWriteMetricsReporter::incWriteTime (19 bytes)
Event: 17.217 Thread 0x000001b9fb0f03f0 11587       4       org.apache.spark.executor.ShuffleWriteMetrics::incWriteTime (9 bytes)
Event: 17.218 Thread 0x000001b9fb0efea0 nmethod 11586 0x000001b99f9d5390 code [0x000001b99f9d5520, 0x000001b99f9d5638]
Event: 17.219 Thread 0x000001b9fb0f03f0 nmethod 11587 0x000001b99f9d5790 code [0x000001b99f9d5900, 0x000001b99f9d5998]
Event: 17.243 Thread 0x000001b9b2fa1f60 11588       3       java.nio.ByteBuffer::<init> (14 bytes)
Event: 17.243 Thread 0x000001b9b2fa1f60 nmethod 11588 0x000001b998220a90 code [0x000001b998220c40, 0x000001b998220d88]
Event: 17.255 Thread 0x000001b9b2fa1f60 11589       3       jdk.internal.reflect.ClassFileAssembler::emitShort (38 bytes)
Event: 17.255 Thread 0x000001b9b2fa1f60 nmethod 11589 0x000001b998220190 code [0x000001b998220360, 0x000001b9982207b8]
Event: 17.263 Thread 0x000001b9b2fa1f60 11590  s    3       java.io.FileDescriptor::close (9 bytes)
Event: 17.264 Thread 0x000001b9b2fa1f60 nmethod 11590 0x000001b99821fa10 code [0x000001b99821fbe0, 0x000001b998220038]

GC Heap History (20 events):
Event: 13.412 GC heap after
{Heap after GC invocations=40 (full 0):
 garbage-first heap   total 194560K, used 114567K [0x0000000700000000, 0x0000000800000000)
  region size 2048K, 3 young (6144K), 3 survivors (6144K)
 Metaspace       used 111558K, committed 112640K, reserved 1179648K
  class space    used 14993K, committed 15488K, reserved 1048576K
}
Event: 13.527 GC heap before
{Heap before GC invocations=41 (full 0):
 garbage-first heap   total 223232K, used 147335K [0x0000000700000000, 0x0000000800000000)
  region size 2048K, 20 young (40960K), 3 survivors (6144K)
 Metaspace       used 111445K, committed 112640K, reserved 1179648K
  class space    used 14960K, committed 15488K, reserved 1048576K
}
Event: 13.537 GC heap after
{Heap after GC invocations=42 (full 0):
 garbage-first heap   total 223232K, used 121133K [0x0000000700000000, 0x0000000800000000)
  region size 2048K, 3 young (6144K), 3 survivors (6144K)
 Metaspace       used 111445K, committed 112640K, reserved 1179648K
  class space    used 14960K, committed 15488K, reserved 1048576K
}
Event: 13.618 GC heap before
{Heap before GC invocations=42 (full 0):
 garbage-first heap   total 223232K, used 166189K [0x0000000700000000, 0x0000000800000000)
  region size 2048K, 26 young (53248K), 3 survivors (6144K)
 Metaspace       used 111482K, committed 112640K, reserved 1179648K
  class space    used 14966K, committed 15488K, reserved 1048576K
}
Event: 13.629 GC heap after
{Heap after GC invocations=43 (full 0):
 garbage-first heap   total 522240K, used 132506K [0x0000000700000000, 0x0000000800000000)
  region size 2048K, 4 young (8192K), 4 survivors (8192K)
 Metaspace       used 111482K, committed 112640K, reserved 1179648K
  class space    used 14966K, committed 15488K, reserved 1048576K
}
Event: 16.479 GC heap before
{Heap before GC invocations=44 (full 0):
 garbage-first heap   total 505856K, used 437658K [0x0000000700000000, 0x0000000800000000)
  region size 2048K, 90 young (184320K), 4 survivors (8192K)
 Metaspace       used 119265K, committed 120704K, reserved 1179648K
  class space    used 16168K, committed 16832K, reserved 1048576K
}
Event: 16.501 GC heap after
{Heap after GC invocations=45 (full 0):
 garbage-first heap   total 505856K, used 239920K [0x0000000700000000, 0x0000000800000000)
  region size 2048K, 14 young (28672K), 14 survivors (28672K)
 Metaspace       used 119265K, committed 120704K, reserved 1179648K
  class space    used 16168K, committed 16832K, reserved 1048576K
}
Event: 16.509 GC heap before
{Heap before GC invocations=45 (full 0):
 garbage-first heap   total 505856K, used 256304K [0x0000000700000000, 0x0000000800000000)
  region size 2048K, 15 young (30720K), 14 survivors (28672K)
 Metaspace       used 119266K, committed 120704K, reserved 1179648K
  class space    used 16168K, committed 16832K, reserved 1048576K
}
Event: 16.520 GC heap after
{Heap after GC invocations=46 (full 0):
 garbage-first heap   total 505856K, used 255684K [0x0000000700000000, 0x0000000800000000)
  region size 2048K, 2 young (4096K), 2 survivors (4096K)
 Metaspace       used 119266K, committed 120704K, reserved 1179648K
  class space    used 16168K, committed 16832K, reserved 1048576K
}
Event: 16.521 GC heap before
{Heap before GC invocations=46 (full 0):
 garbage-first heap   total 505856K, used 257732K [0x0000000700000000, 0x0000000800000000)
  region size 2048K, 4 young (8192K), 2 survivors (4096K)
 Metaspace       used 119277K, committed 120704K, reserved 1179648K
  class space    used 16171K, committed 16832K, reserved 1048576K
}
Event: 16.523 GC heap after
{Heap after GC invocations=47 (full 0):
 garbage-first heap   total 505856K, used 256989K [0x0000000700000000, 0x0000000800000000)
  region size 2048K, 3 young (6144K), 3 survivors (6144K)
 Metaspace       used 119277K, committed 120704K, reserved 1179648K
  class space    used 16171K, committed 16832K, reserved 1048576K
}
Event: 16.876 GC heap before
{Heap before GC invocations=48 (full 0):
 garbage-first heap   total 505856K, used 468546K [0x0000000700000000, 0x0000000800000000)
  region size 2048K, 49 young (100352K), 3 survivors (6144K)
 Metaspace       used 119281K, committed 120768K, reserved 1179648K
  class space    used 16121K, committed 16832K, reserved 1048576K
}
Event: 16.904 GC heap after
{Heap after GC invocations=49 (full 0):
 garbage-first heap   total 550912K, used 449894K [0x0000000700000000, 0x0000000800000000)
  region size 2048K, 8 young (16384K), 8 survivors (16384K)
 Metaspace       used 119281K, committed 120768K, reserved 1179648K
  class space    used 16121K, committed 16832K, reserved 1048576K
}
Event: 16.918 GC heap before
{Heap before GC invocations=49 (full 0):
 garbage-first heap   total 550912K, used 458086K [0x0000000700000000, 0x0000000800000000)
  region size 2048K, 13 young (26624K), 8 survivors (16384K)
 Metaspace       used 119322K, committed 120768K, reserved 1179648K
  class space    used 16131K, committed 16832K, reserved 1048576K
}
Event: 16.922 GC heap after
{Heap after GC invocations=50 (full 0):
 garbage-first heap   total 550912K, used 413962K [0x0000000700000000, 0x0000000800000000)
  region size 2048K, 2 young (4096K), 2 survivors (4096K)
 Metaspace       used 119322K, committed 120768K, reserved 1179648K
  class space    used 16131K, committed 16832K, reserved 1048576K
}
Event: 16.959 GC heap before
{Heap before GC invocations=50 (full 0):
 garbage-first heap   total 550912K, used 442634K [0x0000000700000000, 0x0000000800000000)
  region size 2048K, 17 young (34816K), 2 survivors (4096K)
 Metaspace       used 119368K, committed 120832K, reserved 1179648K
  class space    used 16135K, committed 16832K, reserved 1048576K
}
Event: 16.964 GC heap after
{Heap after GC invocations=51 (full 0):
 garbage-first heap   total 550912K, used 444114K [0x0000000700000000, 0x0000000800000000)
  region size 2048K, 3 young (6144K), 3 survivors (6144K)
 Metaspace       used 119368K, committed 120832K, reserved 1179648K
  class space    used 16135K, committed 16832K, reserved 1048576K
}
Event: 17.106 GC heap before
{Heap before GC invocations=52 (full 0):
 garbage-first heap   total 765952K, used 462546K [0x0000000700000000, 0x0000000800000000)
  region size 2048K, 13 young (26624K), 3 survivors (6144K)
 Metaspace       used 119387K, committed 120832K, reserved 1179648K
  class space    used 16136K, committed 16832K, reserved 1048576K
}
Event: 17.111 GC heap after
{Heap after GC invocations=53 (full 0):
 garbage-first heap   total 765952K, used 460436K [0x0000000700000000, 0x0000000800000000)
  region size 2048K, 2 young (4096K), 2 survivors (4096K)
 Metaspace       used 119387K, committed 120832K, reserved 1179648K
  class space    used 16136K, committed 16832K, reserved 1048576K
}
Event: 17.274 GC heap before
{Heap before GC invocations=53 (full 0):
 garbage-first heap   total 765952K, used 491156K [0x0000000700000000, 0x0000000800000000)
  region size 2048K, 18 young (36864K), 2 survivors (4096K)
 Metaspace       used 119410K, committed 120832K, reserved 1179648K
  class space    used 16136K, committed 16832K, reserved 1048576K
}

Deoptimization events (20 events):
Event: 16.737 Thread 0x000001b9fa424900 DEOPT PACKING pc=0x000001b997c35c18 sp=0x0000006eff8fe660
Event: 16.737 Thread 0x000001b9fa424900 DEOPT UNPACKING pc=0x000001b99ee266e3 sp=0x0000006eff8fdb68 mode 0
Event: 16.829 Thread 0x000001b9fa421b70 DEOPT PACKING pc=0x000001b998776258 sp=0x0000006effafe500
Event: 16.829 Thread 0x000001b9fa421b70 DEOPT UNPACKING pc=0x000001b99ee266e3 sp=0x0000006effafd960 mode 0
Event: 16.843 Thread 0x000001b9fa421660 Uncommon trap: trap_request=0xffffffbe fr.pc=0x000001b99f9b4c00 relative=0x00000000000002e0
Event: 16.843 Thread 0x000001b9fa421660 Uncommon trap: reason=profile_predicate action=maybe_recompile pc=0x000001b99f9b4c00 method=sun.security.provider.HashDrbg.addBytes([BI[[B)V @ 36 c2
Event: 16.843 Thread 0x000001b9fa421660 DEOPT PACKING pc=0x000001b99f9b4c00 sp=0x0000006eff9fe860
Event: 16.843 Thread 0x000001b9fa421660 DEOPT UNPACKING pc=0x000001b99ee25ba3 sp=0x0000006eff9fe7c0 mode 2
Event: 16.843 Thread 0x000001b9fa421660 Uncommon trap: trap_request=0xffffffbe fr.pc=0x000001b99f9b4c00 relative=0x00000000000002e0
Event: 16.843 Thread 0x000001b9fa421660 Uncommon trap: reason=profile_predicate action=maybe_recompile pc=0x000001b99f9b4c00 method=sun.security.provider.HashDrbg.addBytes([BI[[B)V @ 36 c2
Event: 16.843 Thread 0x000001b9fa421660 DEOPT PACKING pc=0x000001b99f9b4c00 sp=0x0000006eff9fe860
Event: 16.843 Thread 0x000001b9fa421660 DEOPT UNPACKING pc=0x000001b99ee25ba3 sp=0x0000006eff9fe7c0 mode 2
Event: 16.843 Thread 0x000001b9fa421660 Uncommon trap: trap_request=0xffffffbe fr.pc=0x000001b99f9b4c00 relative=0x00000000000002e0
Event: 16.843 Thread 0x000001b9fa421660 Uncommon trap: reason=profile_predicate action=maybe_recompile pc=0x000001b99f9b4c00 method=sun.security.provider.HashDrbg.addBytes([BI[[B)V @ 36 c2
Event: 16.843 Thread 0x000001b9fa421660 DEOPT PACKING pc=0x000001b99f9b4c00 sp=0x0000006eff9fe860
Event: 16.844 Thread 0x000001b9fa421660 DEOPT UNPACKING pc=0x000001b99ee25ba3 sp=0x0000006eff9fe7c0 mode 2
Event: 16.845 Thread 0x000001b9fa421660 Uncommon trap: trap_request=0xffffffbe fr.pc=0x000001b99f9b4c00 relative=0x00000000000002e0
Event: 16.845 Thread 0x000001b9fa421660 Uncommon trap: reason=profile_predicate action=maybe_recompile pc=0x000001b99f9b4c00 method=sun.security.provider.HashDrbg.addBytes([BI[[B)V @ 36 c2
Event: 16.845 Thread 0x000001b9fa421660 DEOPT PACKING pc=0x000001b99f9b4c00 sp=0x0000006eff9fe860
Event: 16.845 Thread 0x000001b9fa421660 DEOPT UNPACKING pc=0x000001b99ee25ba3 sp=0x0000006eff9fe7c0 mode 2

Classes unloaded (20 events):
Event: 16.575 Thread 0x000001b9b2f88b50 Unloading class 0x000001b9b5f4e800 'java/lang/invoke/LambdaForm$MH+0x000001b9b5f4e800'
Event: 16.575 Thread 0x000001b9b2f88b50 Unloading class 0x000001b9b5f4e000 'java/lang/invoke/LambdaForm$MH+0x000001b9b5f4e000'
Event: 16.575 Thread 0x000001b9b2f88b50 Unloading class 0x000001b9b5f4ec00 'java/lang/invoke/LambdaForm$MH+0x000001b9b5f4ec00'
Event: 16.575 Thread 0x000001b9b2f88b50 Unloading class 0x000001b9b5f4dc00 'java/lang/invoke/LambdaForm$MH+0x000001b9b5f4dc00'
Event: 16.575 Thread 0x000001b9b2f88b50 Unloading class 0x000001b9b5f4d400 'java/lang/invoke/LambdaForm$MH+0x000001b9b5f4d400'
Event: 16.575 Thread 0x000001b9b2f88b50 Unloading class 0x000001b9b5f4d000 'java/lang/invoke/LambdaForm$MH+0x000001b9b5f4d000'
Event: 16.575 Thread 0x000001b9b2f88b50 Unloading class 0x000001b9b5f4cc00 'java/lang/invoke/LambdaForm$MH+0x000001b9b5f4cc00'
Event: 16.575 Thread 0x000001b9b2f88b50 Unloading class 0x000001b9b5f4c800 'java/lang/invoke/LambdaForm$MH+0x000001b9b5f4c800'
Event: 16.575 Thread 0x000001b9b2f88b50 Unloading class 0x000001b9b5f4c400 'java/lang/invoke/LambdaForm$MH+0x000001b9b5f4c400'
Event: 16.575 Thread 0x000001b9b2f88b50 Unloading class 0x000001b9b5f4c000 'java/lang/invoke/LambdaForm$MH+0x000001b9b5f4c000'
Event: 16.575 Thread 0x000001b9b2f88b50 Unloading class 0x000001b9b5f4bc00 'java/lang/invoke/LambdaForm$DMH+0x000001b9b5f4bc00'
Event: 16.575 Thread 0x000001b9b2f88b50 Unloading class 0x000001b9b5f4b800 'java/lang/invoke/LambdaForm$DMH+0x000001b9b5f4b800'
Event: 16.575 Thread 0x000001b9b2f88b50 Unloading class 0x000001b9b5f4b400 'java/lang/invoke/LambdaForm$DMH+0x000001b9b5f4b400'
Event: 16.575 Thread 0x000001b9b2f88b50 Unloading class 0x000001b9b5f4b000 'java/lang/invoke/LambdaForm$DMH+0x000001b9b5f4b000'
Event: 16.575 Thread 0x000001b9b2f88b50 Unloading class 0x000001b9b5f4ac00 'java/lang/invoke/LambdaForm$DMH+0x000001b9b5f4ac00'
Event: 16.575 Thread 0x000001b9b2f88b50 Unloading class 0x000001b9b5f4a000 'java/lang/invoke/LambdaForm$MH+0x000001b9b5f4a000'
Event: 16.575 Thread 0x000001b9b2f88b50 Unloading class 0x000001b9b5f49000 'java/lang/invoke/LambdaForm$MH+0x000001b9b5f49000'
Event: 16.575 Thread 0x000001b9b2f88b50 Unloading class 0x000001b9b5f49c00 'java/lang/invoke/LambdaForm$MH+0x000001b9b5f49c00'
Event: 16.575 Thread 0x000001b9b2f88b50 Unloading class 0x000001b9b5f49800 'java/lang/invoke/LambdaForm$MH+0x000001b9b5f49800'
Event: 16.575 Thread 0x000001b9b2f88b50 Unloading class 0x000001b9b5f49400 'java/lang/invoke/LambdaForm$MH+0x000001b9b5f49400'

Classes redefined (0 events):
No events

Internal exceptions (20 events):
Event: 14.558 Thread 0x000001b9fa421660 Exception <a 'java/lang/NoSuchMethodError'{0x0000000717a0d088}: 'java.lang.Object java.lang.invoke.DirectMethodHandle$Holder.newInvokeSpecial(java.lang.Object, int, int, int, int, int)'> (0x0000000717a0d088) 
thrown [s\open\src\hotspot\share\interpreter\linkResolver.cpp, line 759]
Event: 14.558 Thread 0x000001b9fa421660 Exception <a 'java/lang/NoSuchMethodError'{0x0000000717a10fd0}: 'java.lang.Object java.lang.invoke.DirectMethodHandle$Holder.invokeSpecial(java.lang.Object, java.lang.Object, int, int, int, int, int)'> (0x0000000717a10fd0) 
thrown [s\open\src\hotspot\share\interpreter\linkResolver.cpp, line 759]
Event: 14.562 Thread 0x000001b9fa421660 Exception <a 'java/lang/NoSuchMethodError'{0x0000000717a2e908}: 'java.lang.Object java.lang.invoke.DirectMethodHandle$Holder.invokeSpecial(java.lang.Object, java.lang.Object, int, int, int, java.lang.Object)'> (0x0000000717a2e908) 
thrown [s\open\src\hotspot\share\interpreter\linkResolver.cpp, line 759]
Event: 14.600 Thread 0x000001b9fa421660 Exception <a 'java/lang/NoSuchMethodError'{0x0000000717b2a528}: 'java.lang.Object java.lang.invoke.DirectMethodHandle$Holder.invokeStatic(java.lang.Object, int, java.lang.Object, java.lang.Object, java.lang.Object, int)'> (0x0000000717b2a528) 
thrown [s\open\src\hotspot\share\interpreter\linkResolver.cpp, line 759]
Event: 14.602 Thread 0x000001b9fa421660 Exception <a 'java/lang/NoSuchMethodError'{0x0000000717b40590}: 'java.lang.Object java.lang.invoke.DirectMethodHandle$Holder.newInvokeSpecial(java.lang.Object, int, long, java.lang.Object, java.lang.Object, java.lang.Object, java.lang.Object, java.lang.Object, java.lang.Object, int, long)'> (0x0000000717b40590) 
thrown [s\open\src\hotspot\share\interpreter\linkResolver.cpp, line 759]
Event: 14.605 Thread 0x000001b9fa421660 Exception <a 'java/lang/NoSuchMethodError'{0x0000000717b5d168}: 'java.lang.Object java.lang.invoke.DirectMethodHandle$Holder.invokeStatic(java.lang.Object, java.lang.Object, int, int)'> (0x0000000717b5d168) 
thrown [s\open\src\hotspot\share\interpreter\linkResolver.cpp, line 759]
Event: 15.556 Thread 0x000001b9b39c9880 Exception <a 'java/lang/NoSuchMethodError'{0x00000007168a0350}: 'java.lang.Object java.lang.invoke.DirectMethodHandle$Holder.invokeVirtual(java.lang.Object, java.lang.Object, java.lang.Object, java.lang.Object)'> (0x00000007168a0350) 
thrown [s\open\src\hotspot\share\interpreter\linkResolver.cpp, line 759]
Event: 15.571 Thread 0x000001b9b39c9880 Exception <a 'java/lang/NoSuchMethodError'{0x00000007168fed38}: 'int java.lang.invoke.DirectMethodHandle$Holder.invokeStaticInit(java.lang.Object, java.lang.Object, java.lang.Object, java.lang.Object)'> (0x00000007168fed38) 
thrown [s\open\src\hotspot\share\interpreter\linkResolver.cpp, line 759]
Event: 15.572 Thread 0x000001b9b39c9880 Exception <a 'java/lang/IncompatibleClassChangeError'{0x0000000716908058}: Found class java.lang.Object, but interface was expected> (0x0000000716908058) 
thrown [s\open\src\hotspot\share\interpreter\linkResolver.cpp, line 826]
Event: 15.572 Thread 0x000001b9b39c9880 Exception <a 'java/lang/NoSuchMethodError'{0x000000071690b1b8}: 'void java.lang.invoke.DirectMethodHandle$Holder.invokeStaticInit(java.lang.Object, java.lang.Object)'> (0x000000071690b1b8) 
thrown [s\open\src\hotspot\share\interpreter\linkResolver.cpp, line 759]
Event: 15.651 Thread 0x000001b9b39c9880 Exception <a 'sun/nio/fs/WindowsException'{0x000000071672af70}> (0x000000071672af70) 
thrown [s\open\src\hotspot\share\prims\jni.cpp, line 516]
Event: 16.229 Thread 0x000001b9b39c9880 Implicit null exception at 0x000001b99f72f015 to 0x000001b99f72fd4c
Event: 16.273 Thread 0x000001b9b39c9880 Exception <a 'java/lang/NoSuchMethodError'{0x0000000715778e38}: static Lorg/apache/spark/sql/execution/aggregate/HashAggregateExec;.<clinit>()V> (0x0000000715778e38) 
thrown [s\open\src\hotspot\share\prims\jni.cpp, line 1112]
Event: 16.278 Thread 0x000001b9b39c9880 Exception <a 'java/lang/NoSuchMethodError'{0x00000007157e0de0}: static Lorg/apache/spark/sql/catalyst/expressions/package$AttributeSeq;.<clinit>()V> (0x00000007157e0de0) 
thrown [s\open\src\hotspot\share\prims\jni.cpp, line 1112]
Event: 16.280 Thread 0x000001b9b39c9880 Exception <a 'java/lang/NoSuchMethodError'{0x0000000715406e50}: static Lorg/apache/spark/sql/execution/InputAdapter;.<clinit>()V> (0x0000000715406e50) 
thrown [s\open\src\hotspot\share\prims\jni.cpp, line 1112]
Event: 16.292 Thread 0x000001b9fb2f3250 Exception <a 'java/lang/NoSuchMethodError'{0x0000000717dfe260}: static Lorg/apache/spark/sql/catalyst/plans/physical/HashPartitioning;.<clinit>()V> (0x0000000717dfe260) 
thrown [s\open\src\hotspot\share\prims\jni.cpp, line 1112]
Event: 16.763 Thread 0x000001b9fb2efaa0 Exception <a 'java/io/IOException'{0x000000071d731748}: CreateProcess error=2, The system cannot find the file specified> (0x000000071d731748) 
thrown [s\open\src\hotspot\share\prims\jni.cpp, line 535]
Event: 16.766 Thread 0x000001b9fb2efaa0 Exception <a 'sun/nio/fs/WindowsException'{0x000000071d73a730}> (0x000000071d73a730) 
thrown [s\open\src\hotspot\share\prims\jni.cpp, line 516]
Event: 16.766 Thread 0x000001b9fb2efaa0 Exception <a 'sun/nio/fs/WindowsException'{0x000000071d73a878}> (0x000000071d73a878) 
thrown [s\open\src\hotspot\share\prims\jni.cpp, line 516]
Event: 16.927 Thread 0x000001b9fa94c100 Exception <a 'java/lang/NoSuchMethodError'{0x000000071fbaa5d8}: 'void java.lang.invoke.DirectMethodHandle$Holder.invokeStatic(java.lang.Object, java.lang.Object, int, long)'> (0x000000071fbaa5d8) 
thrown [s\open\src\hotspot\share\interpreter\linkResolver.cpp, line 759]

VM Operations (20 events):
Event: 16.523 Executing VM operation: G1TryInitiateConcMark done
Event: 16.573 Executing VM operation: G1Concurrent
Event: 16.590 Executing VM operation: G1Concurrent done
Event: 16.613 Executing VM operation: G1Concurrent
Event: 16.627 Executing VM operation: G1Concurrent done
Event: 16.768 Executing VM operation: HandshakeAllThreads
Event: 16.784 Executing VM operation: HandshakeAllThreads done
Event: 16.872 Executing VM operation: G1CollectForAllocation
Event: 16.904 Executing VM operation: G1CollectForAllocation done
Event: 16.917 Executing VM operation: G1CollectForAllocation
Event: 16.922 Executing VM operation: G1CollectForAllocation done
Event: 16.956 Executing VM operation: G1CollectForAllocation
Event: 16.964 Executing VM operation: G1CollectForAllocation done
Event: 17.020 Executing VM operation: G1Concurrent
Event: 17.031 Executing VM operation: G1Concurrent done
Event: 17.058 Executing VM operation: G1Concurrent
Event: 17.067 Executing VM operation: G1Concurrent done
Event: 17.106 Executing VM operation: G1CollectForAllocation
Event: 17.112 Executing VM operation: G1CollectForAllocation done
Event: 17.273 Executing VM operation: G1CollectForAllocation

Events (20 events):
Event: 16.524 Thread 0x000001b9fef7a110 Thread added: 0x000001b9fef7a110
Event: 16.533 Thread 0x000001b9fde8d720 Thread added: 0x000001b9fde8d720
Event: 16.536 Thread 0x000001b9fde8dc30 Thread added: 0x000001b9fde8dc30
Event: 16.610 Thread 0x000001b9fead9320 Thread added: 0x000001b9fead9320
Event: 16.630 Thread 0x000001b9fec57920 Thread added: 0x000001b9fec57920
Event: 16.788 Thread 0x000001b9fdf5a360 Thread added: 0x000001b9fdf5a360
Event: 16.823 Thread 0x000001b9b394afe0 Thread added: 0x000001b9b394afe0
Event: 16.824 Thread 0x000001b9b3949ba0 Thread added: 0x000001b9b3949ba0
Event: 16.858 Thread 0x000001b9fec56f00 Thread added: 0x000001b9fec56f00
Event: 16.905 Thread 0x000001b9fec57410 Thread added: 0x000001b9fec57410
Event: 16.913 Thread 0x000001b9fa94c100 Thread added: 0x000001b9fa94c100
Event: 16.916 Thread 0x000001b9feed3ee0 Thread added: 0x000001b9feed3ee0
Event: 16.924 Thread 0x000001b9feed39d0 Thread added: 0x000001b9feed39d0
Event: 16.924 Thread 0x000001b9fdf58f20 Thread added: 0x000001b9fdf58f20
Event: 16.940 Thread 0x000001b9fef7b040 Thread added: 0x000001b9fef7b040
Event: 16.954 Thread 0x000001b9fef7b550 Thread added: 0x000001b9fef7b550
Event: 16.955 Thread 0x000001b9fef7a620 Thread added: 0x000001b9fef7a620
Event: 16.964 Thread 0x000001b9b394a0b0 Thread added: 0x000001b9b394a0b0
Event: 16.964 Thread 0x000001b9fa94bbf0 Thread added: 0x000001b9fa94bbf0
Event: 17.030 Thread 0x000001b9fe4f4580 Thread added: 0x000001b9fe4f4580


Dynamic libraries:
0x00007ff749950000 - 0x00007ff749960000 	C:\Program Files\Java\jdk-17\bin\java.exe
0x00007ff93f3a0000 - 0x00007ff93f606000 	C:\WINDOWS\SYSTEM32\ntdll.dll
0x00007ff93da00000 - 0x00007ff93dac9000 	C:\WINDOWS\System32\KERNEL32.DLL
0x00007ff93cbb0000 - 0x00007ff93cfaa000 	C:\WINDOWS\System32\KERNELBASE.dll
0x00007ff93c870000 - 0x00007ff93c9bc000 	C:\WINDOWS\System32\ucrtbase.dll
0x00007ff880630000 - 0x00007ff88064b000 	C:\Program Files\Java\jdk-17\bin\VCRUNTIME140.dll
0x00007ff8e5a40000 - 0x00007ff8e5a59000 	C:\Program Files\Java\jdk-17\bin\jli.dll
0x00007ff93de20000 - 0x00007ff93ded6000 	C:\WINDOWS\System32\ADVAPI32.dll
0x00007ff93e7d0000 - 0x00007ff93e879000 	C:\WINDOWS\System32\msvcrt.dll
0x00007ff93d210000 - 0x00007ff93d2ba000 	C:\WINDOWS\System32\sechost.dll
0x00007ff93dd00000 - 0x00007ff93de18000 	C:\WINDOWS\System32\RPCRT4.dll
0x00007ff93d790000 - 0x00007ff93d957000 	C:\WINDOWS\System32\USER32.dll
0x00007ff93d0e0000 - 0x00007ff93d107000 	C:\WINDOWS\System32\win32u.dll
0x00007ff93df10000 - 0x00007ff93df3b000 	C:\WINDOWS\System32\GDI32.dll
0x00007ff93b830000 - 0x00007ff93bac2000 	C:\WINDOWS\WinSxS\amd64_microsoft.windows.common-controls_6595b64144ccf1df_6.0.26100.8521_none_3e08b75ce33403b3\COMCTL32.dll
0x00007ff93cfb0000 - 0x00007ff93d0db000 	C:\WINDOWS\System32\gdi32full.dll
0x00007ff93c9c0000 - 0x00007ff93ca63000 	C:\WINDOWS\System32\msvcp_win.dll
0x00007ff927f70000 - 0x00007ff927f7b000 	C:\WINDOWS\SYSTEM32\VERSION.dll
0x00007ff93d2c0000 - 0x00007ff93d2f2000 	C:\WINDOWS\System32\IMM32.DLL
0x00007ff8e5b60000 - 0x00007ff8e5b6c000 	C:\Program Files\Java\jdk-17\bin\vcruntime140_1.dll
0x00007ff928280000 - 0x00007ff92830e000 	C:\Program Files\Java\jdk-17\bin\msvcp140.dll
0x00007ff84c9b0000 - 0x00007ff84d590000 	C:\Program Files\Java\jdk-17\bin\server\jvm.dll
0x00007ff93d960000 - 0x00007ff93d968000 	C:\WINDOWS\System32\PSAPI.DLL
0x00007ff931020000 - 0x00007ff931056000 	C:\WINDOWS\SYSTEM32\WINMM.dll
0x00007ff8b5c10000 - 0x00007ff8b5c1a000 	C:\WINDOWS\SYSTEM32\WSOCK32.dll
0x00007ff93dad0000 - 0x00007ff93db50000 	C:\WINDOWS\System32\WS2_32.dll
0x00007ff93aa60000 - 0x00007ff93aa7b000 	C:\WINDOWS\SYSTEM32\kernel.appcore.dll
0x00007ff8e5a30000 - 0x00007ff8e5a3a000 	C:\Program Files\Java\jdk-17\bin\jimage.dll
0x00007ff93bde0000 - 0x00007ff93c022000 	C:\WINDOWS\SYSTEM32\DBGHELP.DLL
0x00007ff93e9f0000 - 0x00007ff93ed73000 	C:\WINDOWS\System32\combase.dll
0x00007ff93e900000 - 0x00007ff93e9d9000 	C:\WINDOWS\System32\OLEAUT32.dll
0x00007ff93bcd0000 - 0x00007ff93bd0b000 	C:\WINDOWS\SYSTEM32\dbgcore.DLL
0x00007ff93ca70000 - 0x00007ff93cb18000 	C:\WINDOWS\System32\bcryptPrimitives.dll
0x00007ff84c1e0000 - 0x00007ff84c205000 	C:\Program Files\Java\jdk-17\bin\java.dll
0x00007ff84bae0000 - 0x00007ff84bbb7000 	C:\Program Files\Java\jdk-17\bin\jsvml.dll
0x00007ff93e040000 - 0x00007ff93e7c4000 	C:\WINDOWS\System32\SHELL32.dll
0x00007ff939700000 - 0x00007ff939f80000 	C:\WINDOWS\SYSTEM32\windows.storage.dll
0x00007ff93d110000 - 0x00007ff93d206000 	C:\WINDOWS\System32\SHCORE.dll
0x00007ff93ee40000 - 0x00007ff93eea7000 	C:\WINDOWS\System32\shlwapi.dll
0x00007ff93c550000 - 0x00007ff93c579000 	C:\WINDOWS\SYSTEM32\profapi.dll
0x00007ff84bac0000 - 0x00007ff84bad9000 	C:\Program Files\Java\jdk-17\bin\net.dll
0x00007ff933fc0000 - 0x00007ff9340e9000 	C:\WINDOWS\SYSTEM32\WINHTTP.dll
0x00007ff93afa0000 - 0x00007ff93b00c000 	C:\WINDOWS\system32\mswsock.dll
0x00007ff84baa0000 - 0x00007ff84bab6000 	C:\Program Files\Java\jdk-17\bin\nio.dll
0x00007ff84b850000 - 0x00007ff84b868000 	C:\Program Files\Java\jdk-17\bin\zip.dll
0x00007ff938460000 - 0x00007ff93846a000 	C:\Program Files\Java\jdk-17\bin\management.dll
0x00007ff9281f0000 - 0x00007ff9281fb000 	C:\Program Files\Java\jdk-17\bin\management_ext.dll
0x00007ff90d420000 - 0x00007ff90d438000 	C:\WINDOWS\system32\napinsp.dll
0x00007ff93a4c0000 - 0x00007ff93a60a000 	C:\WINDOWS\SYSTEM32\DNSAPI.dll
0x00007ff93adc0000 - 0x00007ff93adcd000 	C:\WINDOWS\SYSTEM32\DSPARSE.dll
0x00007ff93a470000 - 0x00007ff93a4a3000 	C:\WINDOWS\SYSTEM32\IPHLPAPI.DLL
0x00007ff93e9e0000 - 0x00007ff93e9ea000 	C:\WINDOWS\System32\NSI.dll
0x00007ff90caa0000 - 0x00007ff90cab3000 	C:\WINDOWS\System32\winrnr.dll
0x00007ff90c3f0000 - 0x00007ff90c412000 	C:\WINDOWS\system32\nlansp_c.dll
0x00007ff9297a0000 - 0x00007ff9297b6000 	C:\WINDOWS\system32\wshbth.dll
0x00007ff932f80000 - 0x00007ff932f8b000 	C:\Windows\System32\rasadhlp.dll
0x00007ff9349c0000 - 0x00007ff934a46000 	C:\WINDOWS\System32\fwpuclnt.dll
0x00007ff8dde20000 - 0x00007ff8dde30000 	C:\Program Files\Java\jdk-17\bin\verify.dll
0x00007ff93c150000 - 0x00007ff93c16b000 	C:\WINDOWS\SYSTEM32\CRYPTSP.dll
0x00007ff93b3b0000 - 0x00007ff93b3e9000 	C:\WINDOWS\system32\rsaenh.dll
0x00007ff93b030000 - 0x00007ff93b063000 	C:\WINDOWS\SYSTEM32\USERENV.dll
0x00007ff93c520000 - 0x00007ff93c54a000 	C:\WINDOWS\SYSTEM32\bcrypt.dll
0x00007ff93b3a0000 - 0x00007ff93b3ac000 	C:\WINDOWS\SYSTEM32\CRYPTBASE.dll
0x00007ff934440000 - 0x00007ff93445d000 	C:\WINDOWS\SYSTEM32\dhcpcsvc6.DLL
0x00007ff934340000 - 0x00007ff934365000 	C:\WINDOWS\SYSTEM32\dhcpcsvc.DLL
0x00007ff840b40000 - 0x00007ff840b57000 	C:\Windows\System32\hadoop.dll
0x00007ff93a660000 - 0x00007ff93a6b0000 	C:\WINDOWS\SYSTEM32\AUTHZ.dll
0x00007ff919be0000 - 0x00007ff919bfa000 	C:\WINDOWS\SYSTEM32\NETAPI32.dll
0x00007ff93a410000 - 0x00007ff93a42b000 	C:\WINDOWS\SYSTEM32\SAMCLI.DLL
0x00007ff93a460000 - 0x00007ff93a46d000 	C:\WINDOWS\SYSTEM32\NETUTILS.DLL
0x00007ff8a6060000 - 0x00007ff8a6069000 	C:\Program Files\Java\jdk-17\bin\jaas.dll
0x00007ff918e10000 - 0x00007ff918e1e000 	C:\Program Files\Java\jdk-17\bin\sunmscapi.dll
0x00007ff93c6f0000 - 0x00007ff93c868000 	C:\WINDOWS\System32\CRYPT32.dll
0x00007ff93b630000 - 0x00007ff93b660000 	C:\WINDOWS\SYSTEM32\ncrypt.dll
0x00007ff93b6a0000 - 0x00007ff93b6df000 	C:\WINDOWS\SYSTEM32\NTASN1.dll
0x00007ff9365d0000 - 0x00007ff9365d8000 	C:\WINDOWS\system32\wshunix.dll
0x00007ff93bda0000 - 0x00007ff93bdd6000 	C:\WINDOWS\SYSTEM32\ntmarta.dll
0x0000000066f40000 - 0x0000000066fc4000 	C:\Users\Teh\AppData\Local\Temp\liblz4-java-2715356677853473137.so
0x0000000070fc0000 - 0x000000007108d000 	C:\Users\Teh\AppData\Local\Temp\snappy-1.1.10-ff49057b-9aa1-4ba5-bbf2-0771b0653b22-snappyjava.dll

dbghelp: loaded successfully - version: 4.0.5 - missing functions: none
symbol engine: initialized successfully - sym options: 0x614 - pdb path: .;C:\Program Files\Java\jdk-17\bin;C:\WINDOWS\SYSTEM32;C:\WINDOWS\WinSxS\amd64_microsoft.windows.common-controls_6595b64144ccf1df_6.0.26100.8521_none_3e08b75ce33403b3;C:\Program Files\Java\jdk-17\bin\server;C:\Users\Teh\AppData\Local\Temp

VM Arguments:
jvm_args: -Xmx4g -XX:+IgnoreUnrecognizedVMOptions --add-opens=java.base/java.lang=ALL-UNNAMED --add-opens=java.base/java.lang.invoke=ALL-UNNAMED --add-opens=java.base/java.lang.reflect=ALL-UNNAMED --add-opens=java.base/java.io=ALL-UNNAMED --add-opens=java.base/java.net=ALL-UNNAMED --add-opens=java.base/java.nio=ALL-UNNAMED --add-opens=java.base/java.util=ALL-UNNAMED --add-opens=java.base/java.util.concurrent=ALL-UNNAMED --add-opens=java.base/java.util.concurrent.atomic=ALL-UNNAMED --add-opens=java.base/jdk.internal.ref=ALL-UNNAMED --add-opens=java.base/sun.nio.ch=ALL-UNNAMED --add-opens=java.base/sun.nio.cs=ALL-UNNAMED --add-opens=java.base/sun.security.action=ALL-UNNAMED --add-opens=java.base/sun.util.calendar=ALL-UNNAMED --add-opens=java.security.jgss/sun.security.krb5=ALL-UNNAMED -Djdk.reflect.useDirectMethodHandle=false 
java_command: org.apache.spark.deploy.SparkSubmit --conf spark.master=local[*] --conf spark.driver.memory=4g --conf spark.app.name=GoldModelling --conf spark.jars=jars/postgresql-42.6.2.jar pyspark-shell
java_class_path (initial): C:\Users\Teh\Documents\utm\STDE\patient-visit-pipeline\venv\Lib\site-packages\pyspark\bin\..\conf;C:\Users\Teh\Documents\utm\STDE\patient-visit-pipeline\venv\Lib\site-packages\pyspark\bin\..\jars\activation-1.1.1.jar;C:\Users\Teh\Documents\utm\STDE\patient-visit-pipeline\venv\Lib\site-packages\pyspark\bin\..\jars\aircompressor-0.26.jar;C:\Users\Teh\Documents\utm\STDE\patient-visit-pipeline\venv\Lib\site-packages\pyspark\bin\..\jars\algebra_2.12-2.0.1.jar;C:\Users\Teh\Documents\utm\STDE\patient-visit-pipeline\venv\Lib\site-packages\pyspark\bin\..\jars\annotations-17.0.0.jar;C:\Users\Teh\Documents\utm\STDE\patient-visit-pipeline\venv\Lib\site-packages\pyspark\bin\..\jars\antlr-runtime-3.5.2.jar;C:\Users\Teh\Documents\utm\STDE\patient-visit-pipeline\venv\Lib\site-packages\pyspark\bin\..\jars\antlr4-runtime-4.9.3.jar;C:\Users\Teh\Documents\utm\STDE\patient-visit-pipeline\venv\Lib\site-packages\pyspark\bin\..\jars\aopalliance-repackaged-2.6.1.jar;C:\Users\Teh\Documents\utm\STDE\patient-visit-pipeline\venv\Lib\site-packages\pyspark\bin\..\jars\arpack-3.0.3.jar;C:\Users\Teh\Documents\utm\STDE\patient-visit-pipeline\venv\Lib\site-packages\pyspark\bin\..\jars\arpack_combined_all-0.1.jar;C:\Users\Teh\Documents\utm\STDE\patient-visit-pipeline\venv\Lib\site-packages\pyspark\bin\..\jars\arrow-format-12.0.1.jar;C:\Users\Teh\Documents\utm\STDE\patient-visit-pipeline\venv\Lib\site-packages\pyspark\bin\..\jars\arrow-memory-core-12.0.1.jar;C:\Users\Teh\Documents\utm\STDE\patient-visit-pipeline\venv\Lib\site-packages\pyspark\bin\..\jars\arrow-memory-netty-12.0.1.jar;C:\Users\Teh\Documents\utm\STDE\patient-visit-pipeline\venv\Lib\site-packages\pyspark\bin\..\jars\arrow-vector-12.0.1.jar;C:\Users\Teh\Documents\utm\STDE\patient-visit-pipeline\venv\Lib\site-packages\pyspark\bin\..\jars\audience-annotations-0.5.0.jar;C:\Users\Teh\Documents\utm\STDE\patient-visit-pipeline\venv\Lib\site-packages\pyspark\bin\..\jars\avro-1.11.2.jar;C:\Users\Teh\Documents\utm\STDE\
Launcher Type: SUN_STANDARD

[Global flags]
     intx CICompilerCount                          = 4                                         {product} {ergonomic}
     uint ConcGCThreads                            = 2                                         {product} {ergonomic}
     uint G1ConcRefinementThreads                  = 8                                         {product} {ergonomic}
   size_t G1HeapRegionSize                         = 2097152                                   {product} {ergonomic}
    uintx GCDrainStackTargetSize                   = 64                                        {product} {ergonomic}
     bool IgnoreUnrecognizedVMOptions              = true                                      {product} {command line}
   size_t InitialHeapSize                          = 132120576                                 {product} {ergonomic}
   size_t MarkStackSize                            = 4194304                                   {product} {ergonomic}
   size_t MaxHeapSize                              = 4294967296                                {product} {command line}
   size_t MaxNewSize                               = 2575302656                                {product} {ergonomic}
   size_t MinHeapDeltaBytes                        = 2097152                                   {product} {ergonomic}
   size_t MinHeapSize                              = 8388608                                   {product} {ergonomic}
    uintx NonNMethodCodeHeapSize                   = 5839372                                {pd product} {ergonomic}
    uintx NonProfiledCodeHeapSize                  = 122909434                              {pd product} {ergonomic}
    uintx ProfiledCodeHeapSize                     = 122909434                              {pd product} {ergonomic}
    uintx ReservedCodeCacheSize                    = 251658240                              {pd product} {ergonomic}
     bool SegmentedCodeCache                       = true                                      {product} {ergonomic}
   size_t SoftMaxHeapSize                          = 4294967296                             {manageable} {ergonomic}
     bool UseCompressedClassPointers               = true                           {product lp64_product} {ergonomic}
     bool UseCompressedOops                        = true                           {product lp64_product} {ergonomic}
     bool UseG1GC                                  = true                                      {product} {ergonomic}
     bool UseLargePagesIndividualAllocation        = false                                  {pd product} {ergonomic}

Logging:
Log output configuration:
 #0: stdout all=warning uptime,level,tags
 #1: stderr all=off uptime,level,tags

Environment Variables:
JAVA_HOME=C:\Program Files\Java\jdk-17
PATH=C:\Users\Teh\Documents\utm\STDE\patient-visit-pipeline\venv/Scripts;C:\Program Files\PowerShell\7;C:\Program Files\Common Files\Oracle\Java\javapath;C:\Program Files\Eclipse Adoptium\jdk-21.0.6.7-hotspot\bin;C:\WINDOWS\system32;C:\WINDOWS;C:\WINDOWS\System32\Wbem;C:\WINDOWS\System32\WindowsPowerShell\v1.0\;C:\WINDOWS\System32\OpenSSH\;C:\Program Files\Git\cmd;C:\Program Files\Microsoft SQL Server\Client SDK\ODBC\170\Tools\Binn\;C:\Program Files (x86)\Microsoft SQL Server\150\Tools\Binn\;C:\Program Files\Microsoft SQL Server\150\Tools\Binn\;C:\Program Files\Microsoft SQL Server\150\DTS\Binn\;C:\Program Files (x86)\Windows Kits\8.1\Windows Performance Toolkit\;C:\mingw\bin;C:\Program Files\Microsoft VS Code\bin;C:\Program Files\dotnet\;C:\xampp\php;C:\ProgramData\ComposerSetup\bin;C:\Program Files\nodejs\;C:\Program Files\MongoDB\mongosh-2.5.10-win32-x64\bin;C:\Program Files\Java\jdk-17\bin;C:\spark\bin;C:\hadoop\bin;C:\Program Files (x86)\Microsoft SQL Server\170\Tools\Binn\;C:\Program Files\Microsoft SQL Server\170\Tools\Binn\;C:\Program Files\Microsoft SQL Server\Client SDK\ODBC\180\Tools\Binn\;C:\Program Files\Microsoft SQL Server\170\DTS\Binn\;C:\Program Files\Cloudflare\Cloudflare WARP\;C:\Program Files\PowerShell\7\;C:\Users\Teh\.local\bin;C:\Users\Teh\AppData\Local\Programs\OpenAI\Codex\bin;C:\Users\Teh\AppData\Local\Microsoft\WindowsApps;C:\Users\Teh\.dotnet\tools;C:\Program Files\MySQL\MySQL Server 9.1\bin;C:\Users\Teh\AppData\Roaming\Composer\vendor\bin;C:\Users\Teh\AppData\Roaming\npm;C:\Users\Teh\AppData\Local\Pandoc\;C:\Users\Teh\flutter\bin;C:\Users\Teh\AppData\Local\Pub\Cache\bin;C:\Users\Teh\Downloads\platform-tools_r29.0.5-windows\platform-tools;C:\Users\Teh\AppData\Local\Programs\DockerDesktop\resources\bin;C:\Users\Teh\AppData\Local\GitHubDesktop\bin;c:\Users\Teh\.vscode\extensions\ms-python.debugpy-2026.6.0-win32-x64\bundled\scripts\noConfigScripts
USERNAME=Teh
LANG=en_US.UTF-8
OS=Windows_NT
PROCESSOR_IDENTIFIER=Intel64 Family 6 Model 140 Stepping 2, GenuineIntel



---------------  S Y S T E M  ---------------

OS:
 Windows 11 , 64 bit Build 26100 (10.0.26100.8521)
OS uptime: 0 days 21:21 hours
Hyper-V role detected

CPU: total 8 (initial active 8) (4 cores per cpu, 2 threads per core) family 6 model 140 stepping 2 microcode 0x2c, cx8, cmov, fxsr, ht, mmx, 3dnowpref, sse, sse2, sse3, ssse3, sse4.1, sse4.2, popcnt, lzcnt, tsc, tscinvbit, avx, avx2, aes, erms, clmul, bmi1, bmi2, adx, avx512f, avx512dq, avx512cd, avx512bw, avx512vl, sha, fma, vzeroupper, avx512_vpopcntdq, avx512_vpclmulqdq, avx512_vaes, avx512_vnni, clflush, clflushopt, clwb, avx512_vbmi2, avx512_vbmi, hv

Memory: 4k page, system-wide physical 7941M (624M free)
TotalPageFile size 24325M (AvailPageFile size 101M)
current process WorkingSet (physical memory assigned to process): 836M, peak: 836M
current process commit charge ("private bytes"): 2222M, peak: 2239M

vm_info: Java HotSpot(TM) 64-Bit Server VM (17.0.12+8-LTS-286) for windows-amd64 JRE (17.0.12+8-LTS-286), built on Jun  5 2024 06:46:59 by "mach5one" with MS VC++ 17.6 (VS2022)

END.
